date,source,league,tracked,n_fixtures,avg_bookmakers
2026-10-01,api_football,UEFA U21 Championship - Qualification,False,11,6.9
2026-10-01,api_football,USL Championship,False,7,6.7
2026-10-01,api_football,Serie B,False,10,8.2
2026-10-01,api_football,UEFA Nations League,False,26,8.6
2026-10-01,api_football,Africa Cup of Nations - Qualification,False,1,9.0
2026-10-01,api_football,Primera B,False,8,3.6
2026-10-01,api_football,Primera A,False,5,9.0
2026-10-01,api_football,Liga Leumit,False,8,8.0
2026-10-01,api_football,III Liga - Group 4,False,1,7.0
2026-10-01,api_football,Ligue 3,False,9,8.0
2026-10-01,api_football,Second League,False,10,7.3
2026-10-01,api_football,Primera Division,False,3,8.0
2026-10-01,api_football,Liga de Ascenso,False,1,6.0
2026-10-01,api_football,Premier League,False,3,6.0
2026-10-01,api_football,Reserve League,False,5,6.4
2026-10-01,api_football,Copa de la División Profesional,False,2,8.0
2026-10-01,api_football,Liga Alef,False,5,8.0
2026-10-01,api_football,Cearense U20,False,1,3.0
2026-10-01,api_football,Copa De La Liga,False,1,8.0
2026-10-01,api_football,FA Cup,False,40,4.7
2026-10-01,api_football,League Cup,False,5,7.8
2026-10-01,api_football,Liga Pro Serie B,False,1,7.0
2026-10-01,api_football,NM Cupen,False,2,8.0
2026-10-01,api_football,UEFA Champions League Women,False,3,9.0
2026-10-01,api_football,QSL Cup,False,3,5.7
2026-10-01,api_football,Copa Paraguay,False,1,7.0
2026-10-01,api_football,CONCACAF Nations League,False,14,7.1
2026-10-01,api_football,Friendlies Clubs,False,12,6.2
2026-10-01,api_football,Friendlies,False,18,6.6
2026-10-01,api_football,FIFA Asean Cup,False,5,6.4
2026-10-01,api_football,Piauiense - 2,False,1,4.0
2026-10-01,api_football,FKF Premier League,False,1,7.0
2026-10-01,api_football,Major League Soccer,False,1,8.0
2026-10-01,api_football,Serie A,False,2,9.0
2026-10-01,api_football,Irish Premier Division,True,1,9.0
2026-10-01,api_football,First Division,False,5,8.0
2026-10-01,api_football,Liga Profesional Argentina,False,6,9.0
2026-10-01,api_football,1. Division,False,5,9.0
2026-10-01,api_football,Primera Nacional,False,6,7.0
2026-10-01,api_football,Elitettan,False,3,1.0
2026-10-01,api_football,Ettan - Södra,False,7,5.6
2026-10-01,api_football,Ettan - Norra,False,6,5.3
2026-10-01,api_football,Primera División,False,4,8.2
2026-10-01,api_football,Division 2 - Norra Svealand,False,1,3.0
2026-10-01,api_football,Division 2 - Södra Götaland,False,1,3.0
2026-10-01,api_football,Division 2 - Södra Svealand,False,1,3.0
2026-10-01,api_football,K3 League,False,1,7.0
2026-10-01,api_football,WK-League,False,2,4.5
2026-10-01,api_football,Eerste Divisie,False,7,8.0
2026-10-01,api_football,J3 League,False,8,6.0
2026-10-01,api_football,1 Lyga,False,2,4.0
2026-10-01,api_football,4. liga - Divizie A,False,1,2.0
2026-10-01,api_football,Championship,False,9,5.7
2026-10-01,api_football,Segunda División,False,5,8.2
2026-10-01,api_football,Primera División RFEF - Group 1,False,5,5.6
2026-10-01,api_football,Primera División RFEF - Group 2,False,5,5.6
2026-10-01,api_football,Regionalliga - Ost,False,2,4.5
2026-10-01,api_football,2. Division,False,5,6.8
2026-10-01,api_football,3. liga - MSFL,False,1,4.0
2026-10-01,api_football,FAW Championship,False,5,5.0
2026-10-01,api_football,Frauen Bundesliga,False,1,8.0
2026-10-01,api_football,Regionalliga - South,False,1,4.0
2026-10-01,api_football,Regionalliga - North,False,1,4.0
2026-10-01,api_football,U20 Elite League,False,1,5.0
2026-10-01,api_football,Cup,False,1,7.0
2026-10-01,api_football,Copa Argentina,False,1,9.0
2026-10-01,api_football,Liga 2,False,1,5.0
2026-10-01,api_football,Botola Pro,False,2,6.5
2026-10-01,api_football,Ligue 2,False,5,4.0
2026-10-01,api_football,Asian Games Women,False,2,7.5
2026-10-01,api_football,Damallsvenskan,False,3,1.0
2026-10-01,api_football,Primera B Metropolitana,False,5,5.0
2026-10-01,api_football,NWSL Women,False,4,7.5
2026-10-01,api_football,League One,False,14,5.1
2026-10-01,api_football,League Two,False,16,6.8
2026-10-01,api_football,2. SNL,False,4,4.8
2026-10-01,api_football,2. liga,False,6,5.5
2026-10-01,api_football,II Liga - East,False,5,5.0
2026-10-01,api_football,Northern Irish Premiership,True,4,8.0
2026-10-01,api_football,Ukrainian Premier League,True,1,1.0
2026-10-01,api_football,Segunda División RFEF - Group 1,False,5,5.0
2026-10-01,api_football,Segunda División RFEF - Group 2,False,2,5.0
2026-10-01,api_football,Segunda División RFEF - Group 3,False,2,5.0
2026-10-01,api_football,Segunda División RFEF - Group 4,False,1,4.0
2026-10-01,api_football,Segunda División RFEF - Group 5,False,3,4.0
2026-10-01,api_football,1. Liga Promotion,False,2,1.0
2026-10-01,api_football,Welsh Cymru Premier,True,8,4.9
2026-10-01,api_football,3. Division,False,6,4.7
2026-10-01,api_football,Tweede Divisie,False,9,5.0
2026-10-01,api_football,Liga de Expansión MX,False,2,7.0
2026-10-01,api_football,Second League A - Division A Silver,False,1,2.0
2026-10-01,api_football,National League,False,12,8.0
2026-10-01,api_football,Non League Premier - Isthmian,False,3,5.0
2026-10-01,api_football,Non League Premier - Northern,False,6,5.0
2026-10-01,api_football,Non League Premier - Southern Central,False,4,5.0
2026-10-01,api_football,Non League Premier - Southern South,False,2,5.0
2026-10-01,api_football,Division 2 - Norrland,False,3,3.0
2026-10-01,api_football,J2 League,False,5,8.8
2026-10-01,api_football,FA WSL,False,1,8.0
2026-10-01,api_football,Serie C - Girone A,False,5,5.0
2026-10-01,api_football,Serie C - Girone B,False,4,5.0
2026-10-01,api_football,Serie C - Girone C,False,5,5.0
2026-10-01,api_football,Division Profesional - Clausura,False,2,6.0
2026-10-01,api_football,Brasileiro Women,False,1,2.0
2026-10-01,odds_api,Austrian Bundesliga,True,12,11.0
2026-10-01,odds_api,Belgian Pro League,True,9,18.0
2026-10-01,odds_api,Danish Superliga,True,6,16.8
2026-10-01,odds_api,English Premier League,True,20,20.0
2026-10-01,odds_api,Finnish Veikkausliiga,True,6,7.8
2026-10-01,odds_api,French Ligue 1,True,18,17.9
2026-10-01,odds_api,German Bundesliga,True,18,16.4
2026-10-01,odds_api,Greek Super League 1,True,14,9.7
2026-10-01,odds_api,Irish Premier Division,True,2,14.0
2026-10-01,odds_api,Italian Serie A,True,20,18.5
2026-10-01,odds_api,Dutch Eredivisie,True,9,18.0
2026-10-01,odds_api,Norwegian Eliteserien,True,8,13.0
2026-10-01,odds_api,Polish Ekstraklasa,True,9,11.7
2026-10-01,odds_api,Portuguese Primeira Liga,True,9,10.8
2026-10-01,odds_api,Russian Football Premier League,True,8,2.9
2026-10-01,odds_api,Scottish Premiership,True,6,10.5
2026-10-01,odds_api,Spanish La Liga,True,20,16.9
2026-10-01,odds_api,Swedish Allsvenskan,True,8,15.8
2026-10-01,odds_api,Swiss Super League,True,6,10.5
2026-10-01,odds_api,Turkish Super Lig,True,9,12.9
2026-10-02,api_football,UEFA U21 Championship - Qualification,False,5,8.0
2026-10-02,api_football,Major League Soccer,False,1,8.0
2026-10-02,api_football,Serie A,False,2,9.0
2026-10-02,api_football,Irish Premier Division,True,1,9.0
2026-10-02,api_football,First Division,False,5,9.0
2026-10-02,api_football,Liga Profesional Argentina,False,9,9.0
2026-10-02,api_football,1. Division,False,6,9.0
2026-10-02,api_football,3. Division - Girone 2,False,1,7.0
2026-10-02,api_football,3. Division - Girone 4,False,1,8.0
2026-10-02,api_football,Primera Nacional,False,15,7.5
2026-10-02,api_football,Elitettan,False,4,3.0
2026-10-02,api_football,Ettan - Södra,False,8,7.5
2026-10-02,api_football,Ettan - Norra,False,7,7.0
2026-10-02,api_football,Primera División,False,8,8.1
2026-10-02,api_football,Division 2 - Norra Svealand,False,5,5.2
2026-10-02,api_football,Division 2 - Södra Götaland,False,2,7.0
2026-10-02,api_football,Division 2 - Södra Svealand,False,5,4.6
2026-10-02,api_football,Division 2 - Västra Götaland,False,6,5.7
2026-10-02,api_football,K3 League,False,7,7.7
2026-10-02,api_football,Serie B,False,9,8.6
2026-10-02,api_football,UEFA Nations League,False,24,8.9
2026-10-02,api_football,WK-League,False,2,8.0
2026-10-02,api_football,Second League - Group 2,False,2,1.5
2026-10-02,api_football,Primera B,False,10,7.8
2026-10-02,api_football,Primera A,False,6,9.0
2026-10-02,api_football,Eerste Divisie,False,8,8.1
2026-10-02,api_football,J3 League,False,10,7.2
2026-10-02,api_football,1 Lyga,False,2,7.5
2026-10-02,api_football,4. liga - Divizie A,False,2,3.0
2026-10-02,api_football,Championship,False,9,6.0
2026-10-02,api_football,3. liga - West,False,1,7.0
2026-10-02,api_football,III Liga - Group 4,False,1,7.0
2026-10-02,api_football,III Liga - Group 3,False,2,7.5
2026-10-02,api_football,Segunda División,False,11,8.6
2026-10-02,api_football,Primera División RFEF - Group 1,False,10,7.4
2026-10-02,api_football,Primera División RFEF - Group 2,False,10,7.4
2026-10-02,api_football,Regionalliga - Ost,False,3,5.3
2026-10-02,api_football,2. Division,False,6,7.8
2026-10-02,api_football,3. liga - MSFL,False,9,5.2
2026-10-02,api_football,FAW Championship,False,12,5.5
2026-10-02,api_football,AXA Women’s Super League,False,1,5.0
2026-10-02,api_football,Regionalliga - SudWest,False,1,5.0
2026-10-02,api_football,Frauen Bundesliga,False,6,7.0
2026-10-02,api_football,Second League,False,6,7.8
2026-10-02,api_football,Liga MX Femenil,False,6,7.7
2026-10-02,api_football,Regionalliga - South,False,2,4.5
2026-10-02,api_football,Regionalliga - North,False,1,6.0
2026-10-02,api_football,Professional Development League,False,1,7.0
2026-10-02,api_football,Copa de la División Profesional,False,2,6.5
2026-10-02,api_football,Friendlies,False,15,6.9
2026-10-02,api_football,Cup,False,4,5.5
2026-10-02,api_football,U19 league,False,1,5.0
2026-10-02,api_football,Liga Premier Serie B,False,1,5.0
2026-10-02,api_football,U20 Elite League,False,1,6.0
2026-10-02,api_football,Liga Pro Serie B,False,1,7.0
2026-10-02,api_football,Liga III - Serie 6,False,1,5.0
2026-10-02,api_football,FA Cup,False,38,6.0
2026-10-02,api_football,League Cup,False,3,7.7
2026-10-02,api_football,Copa Argentina,False,1,9.0
2026-10-02,api_football,Liga 2,False,1,8.0
2026-10-02,api_football,Friendlies Clubs,False,36,6.7
2026-10-02,api_football,CONCACAF Nations League,False,10,8.8
2026-10-02,api_football,Premier League,False,1,8.0
2026-10-02,api_football,Division Intermedia,False,4,6.0
2026-10-02,api_football,Botola Pro,False,7,7.9
2026-10-02,api_football,Mineiro U20,False,1,4.0
2026-10-02,api_football,FIFA Asean Cup,False,3,7.3
2026-10-02,api_football,Ligue 2,False,12,5.7
2026-10-02,api_football,Asian Games Women,False,2,9.0
2026-10-02,api_football,Ligue 1,False,1,8.0
2026-10-02,api_football,USL Championship,False,10,7.0
2026-10-02,api_football,Damallsvenskan,False,6,1.5
2026-10-02,api_football,Primera B Metropolitana,False,9,5.7
2026-10-02,api_football,NWSL Women,False,7,8.0
2026-10-02,api_football,Canadian Premier League,False,2,8.0
2026-10-02,api_football,Esiliiga B,False,1,3.0
2026-10-02,api_football,Second League - Group 1,False,3,1.0
2026-10-02,api_football,Second League - Group 3,False,4,1.0
2026-10-02,api_football,League One,False,14,5.9
2026-10-02,api_football,Super League Women,False,4,5.0
2026-10-02,api_football,League Two,False,16,7.5
2026-10-02,api_football,2. SNL,False,8,5.0
2026-10-02,api_football,Liga Nacional,False,1,8.0
2026-10-02,api_football,2. liga,False,7,7.4
2026-10-02,api_football,II Liga - East,False,8,7.6
2026-10-02,api_football,Northern Irish Premiership,True,5,8.8
2026-10-02,api_football,4. liga - Divizie C,False,1,1.0
2026-10-02,api_football,3. liga - CFL A,False,7,5.0
2026-10-02,api_football,3. liga - CFL B,False,6,5.0
2026-10-02,api_football,1. Liga U19,False,4,2.5
2026-10-02,api_football,Ukrainian Premier League,True,1,4.0
2026-10-02,api_football,Segunda División RFEF - Group 1,False,9,6.9
2026-10-02,api_football,Segunda División RFEF - Group 2,False,8,6.9
2026-10-02,api_football,Segunda División RFEF - Group 3,False,9,7.2
2026-10-02,api_football,Segunda División RFEF - Group 4,False,8,6.9
2026-10-02,api_football,Segunda División RFEF - Group 5,False,7,6.1
2026-10-02,api_football,Regionalliga - West,False,3,5.0
2026-10-02,api_football,1. Liga Promotion,False,3,1.0
2026-10-02,api_football,Frauenliga,False,1,5.0
2026-10-02,api_football,Ligue 3,False,8,8.8
2026-10-02,api_football,Welsh Cymru Premier,True,8,6.9
2026-10-02,api_football,3. Division,False,6,5.0
2026-10-02,api_football,4. liga - Divizie D,False,1,1.0
2026-10-02,api_football,4. liga - Divizie E,False,2,1.0
2026-10-02,api_football,Tweede Divisie,False,9,5.0
2026-10-02,api_football,First Amateur Division,False,11,7.6
2026-10-02,api_football,Liga de Expansión MX,False,6,7.7
2026-10-02,api_football,Liga Panameña de Fútbol,False,3,8.0
2026-10-02,api_football,Second League A - Division A Silver,False,2,2.0
2026-10-02,api_football,National League,False,12,8.0
2026-10-02,api_football,Non League Premier - Isthmian,False,3,5.0
2026-10-02,api_football,Non League Premier - Northern,False,6,5.0
2026-10-02,api_football,Non League Premier - Southern Central,False,4,5.0
2026-10-02,api_football,Non League Premier - Southern South,False,2,6.0
2026-10-02,api_football,Primera Division,False,7,6.3
2026-10-02,api_football,Division 2 - Norrland,False,3,3.0
2026-10-02,api_football,J2 League,False,10,8.8
2026-10-02,api_football,FA WSL,False,7,8.0
2026-10-02,api_football,Serie C - Girone A,False,10,7.1
2026-10-02,api_football,Serie C - Girone B,False,9,7.4
2026-10-02,api_football,Serie C - Girone C,False,9,7.4
2026-10-02,api_football,Division Profesional - Clausura,False,2,8.0
2026-10-02,api_football,Super League 2,False,4,1.2
2026-10-02,api_football,Serie C,False,4,7.8
2026-10-02,api_football,Brasileiro Women,False,1,8.0
2026-10-02,api_football,Africa Cup of Nations U20,False,2,3.5
2026-10-02,api_football,Asian Games,False,2,6.5
2026-10-02,api_football,Georgian Erovnuli Liga,True,1,3.0
2026-10-02,api_football,Prva Liga,False,3,1.0
2026-10-02,api_football,Segunda Liga,False,1,9.0
2026-10-02,api_football,First League,False,1,3.0
2026-10-02,api_football,Liga de Ascenso,False,1,3.0
2026-10-02,api_football,Serie D - Girone A,False,7,2.0
2026-10-02,api_football,Serie D - Girone B,False,7,2.0
2026-10-02,api_football,Serie D - Girone C,False,6,1.8
2026-10-02,api_football,Serie D - Girone I,False,3,1.7
2026-10-02,api_football,Serie D - Girone D,False,6,2.0
2026-10-02,api_football,Serie D - Girone E,False,6,2.0
2026-10-02,api_football,Serie D - Girone H,False,7,2.0
2026-10-02,api_football,Serie D - Girone F,False,4,2.0
2026-10-02,api_football,Serie D - Girone G,False,5,1.8
2026-10-02,api_football,Second League - Group 4,False,4,1.0
2026-10-02,odds_api,Austrian Bundesliga,True,12,11.0
2026-10-02,odds_api,Belgian Pro League,True,9,17.6
2026-10-02,odds_api,Danish Superliga,True,6,17.0
2026-10-02,odds_api,English Premier League,True,20,19.0
2026-10-02,odds_api,Finnish Veikkausliiga,True,6,10.0
2026-10-02,odds_api,French Ligue 1,True,18,18.0
2026-10-02,odds_api,German Bundesliga,True,18,16.9
2026-10-02,odds_api,Greek Super League 1,True,14,10.2
2026-10-02,odds_api,Irish Premier Division,True,3,13.3
2026-10-02,odds_api,Italian Serie A,True,20,17.5
2026-10-02,odds_api,Dutch Eredivisie,True,9,17.0
2026-10-02,odds_api,Norwegian Eliteserien,True,8,13.0
2026-10-02,odds_api,Polish Ekstraklasa,True,9,11.7
2026-10-02,odds_api,Portuguese Primeira Liga,True,9,10.8
2026-10-02,odds_api,Russian Football Premier League,True,8,2.9
2026-10-02,odds_api,Scottish Premiership,True,6,13.5
2026-10-02,odds_api,Spanish La Liga,True,20,15.9
2026-10-02,odds_api,Swedish Allsvenskan,True,8,14.9
2026-10-02,odds_api,Swiss Super League,True,6,10.5
2026-10-02,odds_api,Turkish Super Lig,True,9,12.9
2026-10-03,api_football,Serie A,False,1,9.0
2026-10-03,api_football,Liga Profesional Argentina,False,12,8.8
2026-10-03,api_football,USL Championship,False,10,7.8
2026-10-03,api_football,USL League One,False,8,7.9
2026-10-03,api_football,Damallsvenskan,False,6,7.0
2026-10-03,api_football,1. Division,False,6,9.0
2026-10-03,api_football,2. Division - Group 1,False,3,7.7
2026-10-03,api_football,2. Division - Group 2,False,4,7.8
2026-10-03,api_football,3. Division - Girone 1,False,3,6.3
2026-10-03,api_football,3. Division - Girone 2,False,3,7.3
2026-10-03,api_football,3. Division - Girone 3,False,3,6.7
2026-10-03,api_football,3. Division - Girone 4,False,1,8.0
2026-10-03,api_football,3. Division - Girone 6,False,2,6.0
2026-10-03,api_football,Primera Nacional,False,15,7.7
2026-10-03,api_football,Primera B Metropolitana,False,11,6.9
2026-10-03,api_football,Primera C,False,6,5.5
2026-10-03,api_football,Elitettan,False,3,6.0
2026-10-03,api_football,Ettan - Södra,False,6,8.7
2026-10-03,api_football,Ettan - Norra,False,6,8.5
2026-10-03,api_football,NWSL Women,False,7,8.0
2026-10-03,api_football,Division 2 - Norra Götaland,False,2,6.5
2026-10-03,api_football,Division 2 - Norra Svealand,False,4,6.8
2026-10-03,api_football,Division 2 - Södra Götaland,False,1,8.0
2026-10-03,api_football,Division 2 - Södra Svealand,False,3,5.7
2026-10-03,api_football,Division 2 - Västra Götaland,False,2,6.0
2026-10-03,api_football,Primera B,False,11,7.9
2026-10-03,api_football,Canadian Premier League,False,3,8.0
2026-10-03,api_football,K3 League,False,6,7.7
2026-10-03,api_football,Serie B,False,5,8.8
2026-10-03,api_football,Esiliiga B,False,1,6.0
2026-10-03,api_football,UEFA Nations League,False,24,8.2
2026-10-03,api_football,1. Division Women,False,3,5.3
2026-10-03,api_football,Second League - Group 1,False,3,2.0
2026-10-03,api_football,Second League - Group 3,False,4,1.8
2026-10-03,api_football,Primera A,False,6,9.0
2026-10-03,api_football,Eerste Divisie,False,7,9.0
2026-10-03,api_football,Prva Liga,False,5,1.6
2026-10-03,api_football,J3 League,False,9,8.2
2026-10-03,api_football,Championship,False,8,7.8
2026-10-03,api_football,League One,False,14,5.9
2026-10-03,api_football,Super League Women,False,4,6.0
2026-10-03,api_football,League Two,False,16,7.5
2026-10-03,api_football,2. SNL,False,7,6.1
2026-10-03,api_football,Liga Nacional,False,5,7.2
2026-10-03,api_football,2. liga,False,8,7.8
2026-10-03,api_football,II Liga - East,False,8,8.1
2026-10-03,api_football,Northern Irish Premiership,True,5,9.0
2026-10-03,api_football,4. liga - Divizie A,False,1,8.0
2026-10-03,api_football,4. liga - Divizie C,False,1,7.0
2026-10-03,api_football,3. liga - CFL A,False,7,5.9
2026-10-03,api_football,3. liga - CFL B,False,6,5.3
2026-10-03,api_football,1. Liga U19,False,4,7.0
2026-10-03,api_football,Ukrainian Premier League,True,1,7.0
2026-10-03,api_football,3. liga - Center,False,2,5.5
2026-10-03,api_football,3. liga - East,False,1,7.0
2026-10-03,api_football,3. liga - West,False,1,7.0
2026-10-03,api_football,J-League Cup,False,2,9.0
2026-10-03,api_football,III Liga - Group 4,False,2,5.0
2026-10-03,api_football,III Liga - Group 3,False,5,5.6
2026-10-03,api_football,III Liga - Group 2,False,8,5.9
2026-10-03,api_football,III Liga - Group 1,False,6,5.8
2026-10-03,api_football,K4 League,False,3,6.7
2026-10-03,api_football,Segunda División,False,17,8.4
2026-10-03,api_football,Primera División RFEF - Group 1,False,9,7.7
2026-10-03,api_football,Primera División RFEF - Group 2,False,9,8.1
2026-10-03,api_football,Segunda División RFEF - Group 1,False,9,7.9
2026-10-03,api_football,Segunda División RFEF - Group 2,False,8,7.2
2026-10-03,api_football,Segunda División RFEF - Group 3,False,9,7.4
2026-10-03,api_football,Segunda División RFEF - Group 4,False,8,7.1
2026-10-03,api_football,Segunda División RFEF - Group 5,False,7,6.9
2026-10-03,api_football,Primera División Femenina,False,7,7.7
2026-10-03,api_football,Regionalliga - West,False,5,6.0
2026-10-03,api_football,Regionalliga - Ost,False,3,6.3
2026-10-03,api_football,1. Liga Promotion,False,4,6.0
2026-10-03,api_football,Frauenliga,False,2,5.5
2026-10-03,api_football,Ligue 3,False,8,8.8
2026-10-03,api_football,2. Division,False,3,8.7
2026-10-03,api_football,Welsh Cymru Premier,True,8,8.9
2026-10-03,api_football,3. Division,False,7,7.9
2026-10-03,api_football,3. liga - MSFL,False,9,6.2
2026-10-03,api_football,4. liga - Divizie D,False,3,6.0
2026-10-03,api_football,4. liga - Divizie E,False,4,4.0
2026-10-03,api_football,4. liga - Divizie F,False,1,7.0
2026-10-03,api_football,Tweede Divisie,False,9,8.0
2026-10-03,api_football,First Amateur Division,False,17,7.6
2026-10-03,api_football,FAW Championship,False,9,7.0
2026-10-03,api_football,Liga de Expansión MX,False,6,8.8
2026-10-03,api_football,Persha Liga,False,1,6.0
2026-10-03,api_football,Liga Panameña de Fútbol,False,3,8.0
2026-10-03,api_football,Second League A - Division A Silver,False,2,2.0
2026-10-03,api_football,National League,False,12,8.9
2026-10-03,api_football,Regionalliga - Bayern,False,1,5.0
2026-10-03,api_football,Regionalliga - Nord,False,2,5.0
2026-10-03,api_football,Regionalliga - SudWest,False,2,5.0
2026-10-03,api_football,EFL Trophy,False,1,9.0
2026-10-03,api_football,3. SNL - East,False,2,6.0
2026-10-03,api_football,3. Lig - Group 1,False,1,5.0
2026-10-03,api_football,3. Lig - Group 2,False,2,3.5
2026-10-03,api_football,3. Lig - Group 3,False,1,8.0
2026-10-03,api_football,2. Lig,False,3,7.3
2026-10-03,api_football,Druha Liga,False,1,3.0
2026-10-03,api_football,Frauen Bundesliga,False,5,7.8
2026-10-03,api_football,NB III - Northwest,False,1,4.0
2026-10-03,api_football,NB III - Southeast,False,1,7.0
2026-10-03,api_football,Second NL,False,8,7.0
2026-10-03,api_football,Non League Premier - Isthmian,False,5,6.4
2026-10-03,api_football,Non League Premier - Northern,False,6,8.0
2026-10-03,api_football,Non League Premier - Southern Central,False,3,8.0
2026-10-03,api_football,Non League Premier - Southern South,False,2,8.0
2026-10-03,api_football,Central Youth League,False,1,6.0
2026-10-03,api_football,Primera Division,False,7,7.6
2026-10-03,api_football,Division 2 - Norrland,False,3,5.3
2026-10-03,api_football,Serie A Women,False,5,7.6
2026-10-03,api_football,Liga de Ascenso,False,4,5.2
2026-10-03,api_football,Brasiliense B,False,3,3.3
2026-10-03,api_football,Premier League,False,5,4.4
2026-10-03,api_football,Liga MX Femenil,False,6,8.2
2026-10-03,api_football,J2 League,False,10,8.8
2026-10-03,api_football,FA WSL,False,7,8.1
2026-10-03,api_football,Regionalliga - South,False,1,6.0
2026-10-03,api_football,Serie C - Girone A,False,9,8.0
2026-10-03,api_football,Serie C - Girone B,False,9,8.0
2026-10-03,api_football,Serie C - Girone C,False,9,8.0
2026-10-03,api_football,1st League - RS,False,1,3.0
2026-10-03,api_football,Friendlies,False,12,6.5
2026-10-03,api_football,1st League - FBiH,False,3,3.7
2026-10-03,api_football,Tercera División RFEF - Group 1,False,2,5.0
2026-10-03,api_football,Tercera División RFEF - Group 2,False,1,6.0
2026-10-03,api_football,Tercera División RFEF - Group 5,False,3,5.3
2026-10-03,api_football,Tercera División RFEF - Group 6,False,1,6.0
2026-10-03,api_football,Tercera División RFEF - Group 7,False,1,4.0
2026-10-03,api_football,Tercera División RFEF - Group 9,False,1,4.0
2026-10-03,api_football,Tercera División RFEF - Group 11,False,1,6.0
2026-10-03,api_football,Tercera División RFEF - Group 15,False,3,6.0
2026-10-03,api_football,Tercera División RFEF - Group 16,False,1,6.0
2026-10-03,api_football,Tercera División RFEF - Group 18,False,1,6.0
2026-10-03,api_football,Derde Divisie,False,6,5.3
2026-10-03,api_football,Copa de la División Profesional,False,3,7.0
2026-10-03,api_football,Gamma Ethniki - Group 2,False,1,3.0
2026-10-03,api_football,NPFL,False,1,5.0
2026-10-03,api_football,Super League,False,2,8.0
2026-10-03,api_football,Liga Premier Serie B,False,1,2.0
2026-10-03,api_football,Liga Premier Serie A,False,3,4.7
2026-10-03,api_football,Division Profesional - Clausura,False,4,8.0
2026-10-03,api_football,U20 Elite League,False,2,5.0
2026-10-03,api_football,Liga III - Serie 3,False,1,5.0
2026-10-03,api_football,Kakkonen - Lohko A,False,2,7.0
2026-10-03,api_football,Kakkonen - Lohko B,False,2,6.5
2026-10-03,api_football,Kakkonen - Lohko C,False,2,4.0
2026-10-03,api_football,Primera Premier,False,8,5.5
2026-10-03,api_football,Liga Pro Serie B,False,1,5.0
2026-10-03,api_football,Super League 2,False,11,4.5
2026-10-03,api_football,Liga 2,False,7,6.6
2026-10-03,api_football,Serie C,False,4,7.8
2026-10-03,api_football,National League - National,False,1,7.0
2026-10-03,api_football,FA Cup,False,39,7.7
2026-10-03,api_football,Friendlies Clubs,False,27,6.1
2026-10-03,api_football,CONCACAF Nations League,False,11,7.9
2026-10-03,api_football,Division Intermedia,False,4,6.2
2026-10-03,api_football,Botola Pro,False,4,9.0
2026-10-03,api_football,Brasileiro Women,False,2,8.0
2026-10-03,api_football,Copa Paulista,False,1,6.0
2026-10-03,api_football,Botola 2,False,1,8.0
2026-10-03,api_football,Mineiro U20,False,1,4.0
2026-10-03,api_football,Primera División,False,7,8.4
2026-10-03,api_football,Africa Cup of Nations U20,False,4,4.5
2026-10-03,api_football,Ligue 2,False,6,6.3
2026-10-03,api_football,Cup,False,2,7.5
2026-10-03,api_football,Ligue 1,False,1,7.0
2026-10-03,api_football,Asian Games,False,2,8.0
2026-10-03,api_football,FIFA Asean Cup,False,1,8.0
2026-10-03,api_football,Gulf Cup of Nations,False,2,9.0
2026-10-03,api_football,Georgian Erovnuli Liga,True,1,5.0
2026-10-03,api_football,Second League - Group 2,False,1,1.0
2026-10-03,api_football,Segunda Liga,False,1,9.0
2026-10-03,api_football,First League,False,1,3.0
2026-10-03,api_football,Second Amateur Division - ACFF,False,1,3.0
2026-10-03,api_football,Second League A - Division A Gold,False,5,2.0
2026-10-03,api_football,Tercera División RFEF - Group 12,False,1,4.0
2026-10-03,api_football,Serie D - Girone A,False,8,1.9
2026-10-03,api_football,Serie D - Girone B,False,6,2.0
2026-10-03,api_football,Serie D - Girone C,False,6,2.0
2026-10-03,api_football,Serie D - Girone I,False,3,2.0
2026-10-03,api_football,Serie D - Girone D,False,6,2.0
2026-10-03,api_football,Serie D - Girone E,False,5,2.0
2026-10-03,api_football,Serie D - Girone H,False,1,2.0
2026-10-03,api_football,Serie D - Girone F,False,4,2.0
2026-10-03,api_football,Serie D - Girone G,False,5,2.0
2026-10-03,api_football,Second League - Group 4,False,5,1.0
2026-10-03,api_football,League Cup,False,2,5.0
2026-10-03,api_football,Torneo Federal A,False,1,3.0
2026-10-03,api_football,IFA Shield,False,1,3.0
2026-10-03,odds_api,Austrian Bundesliga,True,12,11.0
2026-10-03,odds_api,Belgian Pro League,True,9,17.7
2026-10-03,odds_api,Danish Superliga,True,6,17.0
2026-10-03,odds_api,English Premier League,True,20,19.0
2026-10-03,odds_api,Finnish Veikkausliiga,True,6,10.3
2026-10-03,odds_api,French Ligue 1,True,18,18.2
2026-10-03,odds_api,German Bundesliga,True,18,16.6
2026-10-03,odds_api,Greek Super League 1,True,14,10.4
2026-10-03,odds_api,Irish Premier Division,True,6,8.2
2026-10-03,odds_api,Italian Serie A,True,20,17.5
2026-10-03,odds_api,Dutch Eredivisie,True,9,17.0
2026-10-03,odds_api,Norwegian Eliteserien,True,8,13.5
2026-10-03,odds_api,Polish Ekstraklasa,True,9,12.7
2026-10-03,odds_api,Portuguese Primeira Liga,True,9,11.7
2026-10-03,odds_api,Russian Football Premier League,True,8,2.9
2026-10-03,odds_api,Scottish Premiership,True,6,13.5
2026-10-03,odds_api,Spanish La Liga,True,20,15.1
2026-10-03,odds_api,Swedish Allsvenskan,True,8,15.4
2026-10-03,odds_api,Swiss Super League,True,6,10.5
2026-10-03,odds_api,Turkish Super Lig,True,9,12.4
2026-10-04,api_football,Liga Profesional Argentina,False,8,8.5
2026-10-04,api_football,USL Championship,False,5,8.0
2026-10-04,api_football,USL League One,False,1,8.0
2026-10-04,api_football,Toppserien,False,2,8.0
2026-10-04,api_football,Damallsvenskan,False,4,7.2
2026-10-04,api_football,1. Division,False,2,9.0
2026-10-04,api_football,2. Division - Group 1,False,3,7.3
2026-10-04,api_football,2. Division - Group 2,False,2,7.5
2026-10-04,api_football,3. Division - Girone 1,False,1,8.0
2026-10-04,api_football,3. Division - Girone 2,False,1,8.0
2026-10-04,api_football,Primera Nacional,False,10,8.8
2026-10-04,api_football,Primera B Metropolitana,False,4,6.8
2026-10-04,api_football,Primera C,False,5,7.0
2026-10-04,api_football,Elitettan,False,1,8.0
2026-10-04,api_football,Ettan - Södra,False,1,9.0
2026-10-04,api_football,Ettan - Norra,False,1,9.0
2026-10-04,api_football,NWSL Women,False,3,8.0
2026-10-04,api_football,Georgian Erovnuli Liga,True,1,8.0
2026-10-04,api_football,Division 2 - Norra Götaland,False,3,5.7
2026-10-04,api_football,Division 2 - Norra Svealand,False,1,8.0
2026-10-04,api_football,Division 2 - Södra Götaland,False,1,8.0
2026-10-04,api_football,Division 2 - Södra Svealand,False,2,6.0
2026-10-04,api_football,Division 2 - Västra Götaland,False,1,8.0
2026-10-04,api_football,Primera B,False,6,8.0
2026-10-04,api_football,Canadian Premier League,False,1,8.0
2026-10-04,api_football,K3 League,False,2,8.0
2026-10-04,api_football,UEFA Nations League,False,22,8.5
2026-10-04,api_football,1. Division Women,False,1,7.0
2026-10-04,api_football,Second League - Group 2,False,1,2.0
2026-10-04,api_football,Second League - Group 3,False,1,1.0
2026-10-04,api_football,Primera A,False,5,9.0
2026-10-04,api_football,Eerste Divisie,False,1,9.0
2026-10-04,api_football,Prva Liga,False,5,5.6
2026-10-04,api_football,J3 League,False,2,9.0
2026-10-04,api_football,USL Super League,False,1,5.0
2026-10-04,api_football,Super League Women,False,1,7.0
2026-10-04,api_football,2. SNL,False,4,7.0
2026-10-04,api_football,Second League,False,2,6.0
2026-10-04,api_football,Liga Nacional,False,3,7.3
2026-10-04,api_football,2. liga,False,2,8.0
2026-10-04,api_football,II Liga - East,False,3,8.7
2026-10-04,api_football,Northern Irish Premiership,True,1,9.0
2026-10-04,api_football,4. liga - Divizie C,False,3,5.7
2026-10-04,api_football,3. liga - CFL A,False,4,7.0
2026-10-04,api_football,3. liga - CFL B,False,6,7.0
2026-10-04,api_football,3. liga - East,False,1,7.0
2026-10-04,api_football,III Liga - Group 4,False,1,5.0
2026-10-04,api_football,K4 League,False,2,7.0
2026-10-04,api_football,Segunda División,False,13,8.5
2026-10-04,api_football,Primera División RFEF - Group 1,False,5,8.2
2026-10-04,api_football,Primera División RFEF - Group 2,False,6,8.8
2026-10-04,api_football,Segunda División RFEF - Group 1,False,4,7.8
2026-10-04,api_football,Segunda División RFEF - Group 2,False,6,7.7
2026-10-04,api_football,Segunda División RFEF - Group 3,False,7,8.0
2026-10-04,api_football,Segunda División RFEF - Group 4,False,7,8.0
2026-10-04,api_football,Segunda División RFEF - Group 5,False,4,8.0
2026-10-04,api_football,Primera División Femenina,False,3,9.0
2026-10-04,api_football,Regionalliga - Ost,False,1,7.0
2026-10-04,api_football,1. Liga Promotion,False,1,7.0
2026-10-04,api_football,Frauenliga,False,1,9.0
2026-10-04,api_football,2. Division,False,1,9.0
2026-10-04,api_football,Segunda Liga,False,1,9.0
2026-10-04,api_football,First League,False,1,3.0
2026-10-04,api_football,3. liga - MSFL,False,3,7.0
2026-10-04,api_football,4. liga - Divizie D,False,1,6.0
2026-10-04,api_football,4. liga - Divizie E,False,2,6.0
2026-10-04,api_football,First Amateur Division,False,3,8.3
2026-10-04,api_football,Liga de Expansión MX,False,4,8.8
2026-10-04,api_football,Persha Liga,False,2,7.0
2026-10-04,api_football,Second Amateur Division - ACFF,False,1,5.0
2026-10-04,api_football,Liga Panameña de Fútbol,False,2,7.5
2026-10-04,api_football,Second League A - Division A Gold,False,5,2.0
2026-10-04,api_football,Regionalliga - Nord,False,1,4.0
2026-10-04,api_football,2. Lig,False,4,6.5
2026-10-04,api_football,Frauen Bundesliga,False,2,9.0
2026-10-04,api_football,Primera Division,False,4,7.8
2026-10-04,api_football,Serie A Women,False,2,7.5
2026-10-04,api_football,Liga de Ascenso,False,4,7.5
2026-10-04,api_football,Premier League,False,7,6.6
2026-10-04,api_football,Liga MX Femenil,False,4,8.2
2026-10-04,api_football,J2 League,False,5,9.0
2026-10-04,api_football,FA WSL,False,6,9.0
2026-10-04,api_football,Serie C - Girone A,False,4,9.0
2026-10-04,api_football,Serie C - Girone B,False,5,8.0
2026-10-04,api_football,Serie C - Girone C,False,4,8.0
2026-10-04,api_football,Women's Championship,False,5,8.2
2026-10-04,api_football,Tercera División RFEF - Group 1,False,2,6.0
2026-10-04,api_football,Tercera División RFEF - Group 2,False,3,6.0
2026-10-04,api_football,Tercera División RFEF - Group 3,False,2,5.0
2026-10-04,api_football,Tercera División RFEF - Group 4,False,1,6.0
2026-10-04,api_football,Tercera División RFEF - Group 5,False,1,6.0
2026-10-04,api_football,Tercera División RFEF - Group 6,False,2,6.0
2026-10-04,api_football,Tercera División RFEF - Group 7,False,1,6.0
2026-10-04,api_football,Tercera División RFEF - Group 11,False,1,6.0
2026-10-04,api_football,Tercera División RFEF - Group 12,False,1,4.0
2026-10-04,api_football,Tercera División RFEF - Group 13,False,2,5.0
2026-10-04,api_football,Tercera División RFEF - Group 17,False,1,6.0
2026-10-04,api_football,Derde Divisie,False,2,6.0
2026-10-04,api_football,Copa de la División Profesional,False,2,7.0
2026-10-04,api_football,Gamma Ethniki - Group 3,False,1,4.0
2026-10-04,api_football,Serie D - Girone A,False,8,5.4
2026-10-04,api_football,Serie D - Girone B,False,6,5.0
2026-10-04,api_football,Serie D - Girone C,False,6,5.3
2026-10-04,api_football,Serie D - Girone I,False,4,6.5
2026-10-04,api_football,Serie D - Girone D,False,10,4.6
2026-10-04,api_football,Serie D - Girone E,False,5,5.2
2026-10-04,api_football,Serie D - Girone H,False,3,4.3
2026-10-04,api_football,Serie D - Girone F,False,4,5.0
2026-10-04,api_football,Serie D - Girone G,False,8,6.0
2026-10-04,api_football,NPFL,False,5,4.8
2026-10-04,api_football,Friendlies,False,5,8.6
2026-10-04,api_football,Super League,False,2,7.0
2026-10-04,api_football,Liga Premier Serie A,False,1,6.0
2026-10-04,api_football,Azadegan League,False,4,2.0
2026-10-04,api_football,Second League - Group 4,False,4,2.0
2026-10-04,api_football,Pro League U23,False,1,6.0
2026-10-04,api_football,Liga Mayor,False,2,5.0
2026-10-04,api_football,Kakkonen - Lohko C,False,1,7.0
2026-10-04,api_football,Primera Premier,False,2,7.5
2026-10-04,api_football,Super League 2,False,7,5.3
2026-10-04,api_football,Liga 2,False,3,7.3
2026-10-04,api_football,League Cup,False,2,8.0
2026-10-04,api_football,USL League One Cup,False,1,6.0
2026-10-04,api_football,National League - National,False,2,7.5
2026-10-04,api_football,PFL,False,1,7.0
2026-10-04,api_football,Cup,False,2,7.0
2026-10-04,api_football,CONCACAF Nations League,False,12,8.2
2026-10-04,api_football,Diski Challenge,False,2,3.0
2026-10-04,api_football,Botola 2,False,3,8.0
2026-10-04,api_football,Torneo Federal A,False,2,7.0
2026-10-04,api_football,Primera División,False,4,9.0
2026-10-04,api_football,Ligue 2,False,3,6.7
2026-10-04,api_football,Gamma Ethniki - Group 8,False,1,2.0
2026-10-04,api_football,Ligue 1,False,1,5.0
2026-10-04,api_football,Presidents Cup,False,2,7.5
2026-10-04,api_football,IFA Shield,False,2,4.5
2026-10-04,api_football,Friendlies Clubs,False,1,2.0
2026-10-04,api_football,UEFA U21 Championship - Qualification,False,4,5.2
2026-10-04,api_football,Non League Premier - Isthmian,False,2,5.0
2026-10-04,api_football,Division Profesional - Clausura,False,6,7.7
2026-10-04,api_football,Liga Revelação U23,False,1,7.0
2026-10-04,api_football,Division Intermedia,False,4,4.8
2026-10-04,api_football,FIFA Asean Cup,False,2,8.0
2026-10-04,api_football,Serie B,False,2,7.5
2026-10-04,api_football,Africa Cup of Nations - Qualification,False,1,4.0
2026-10-04,api_football,EFL Trophy,False,17,7.5
2026-10-04,api_football,Liga Alef,False,1,2.0
2026-10-04,api_football,Copa Chile,False,1,4.0
2026-10-04,odds_api,Austrian Bundesliga,True,12,11.2
2026-10-04,odds_api,Belgian Pro League,True,9,17.8
2026-10-04,odds_api,Danish Superliga,True,6,18.2
2026-10-04,odds_api,English Premier League,True,20,19.6
2026-10-04,odds_api,Finnish Veikkausliiga,True,6,13.3
2026-10-04,odds_api,French Ligue 1,True,18,18.8
2026-10-04,odds_api,German Bundesliga,True,18,17.7
2026-10-04,odds_api,Greek Super League 1,True,14,11.1
2026-10-04,odds_api,Irish Premier Division,True,7,7.4
2026-10-04,odds_api,Italian Serie A,True,20,17.8
2026-10-04,odds_api,Dutch Eredivisie,True,9,17.0
2026-10-04,odds_api,Norwegian Eliteserien,True,8,14.4
2026-10-04,odds_api,Polish Ekstraklasa,True,9,13.7
2026-10-04,odds_api,Portuguese Primeira Liga,True,9,13.8
2026-10-04,odds_api,Russian Football Premier League,True,8,2.9
2026-10-04,odds_api,Scottish Premiership,True,6,13.5
2026-10-04,odds_api,Spanish La Liga,True,20,16.2
2026-10-04,odds_api,Swedish Allsvenskan,True,8,15.8
2026-10-04,odds_api,Swiss Super League,True,6,11.5
2026-10-04,odds_api,Turkish Super Lig,True,9,15.7
2026-10-05,api_football,UEFA U21 Championship - Qualification,False,6,6.7
2026-10-05,api_football,Liga Profesional Argentina,False,5,9.0
2026-10-05,api_football,1. Division,False,1,9.0
2026-10-05,api_football,3. Division - Girone 3,False,1,8.0
2026-10-05,api_football,3. Division - Girone 4,False,1,8.0
2026-10-05,api_football,3. Division - Girone 6,False,1,6.0
2026-10-05,api_football,Primera Nacional,False,1,9.0
2026-10-05,api_football,Primera B Metropolitana,False,2,7.5
2026-10-05,api_football,Primera C,False,4,6.8
2026-10-05,api_football,Division 2 - Norra Götaland,False,1,6.0
2026-10-05,api_football,UEFA Nations League,False,18,8.9
2026-10-05,api_football,Primera B,False,2,8.0
2026-10-05,api_football,Primera A,False,2,9.0
2026-10-05,api_football,Prva Liga,False,4,8.0
2026-10-05,api_football,Liga Nacional,False,1,7.0
2026-10-05,api_football,2. liga,False,1,8.0
2026-10-05,api_football,Segunda División,False,1,9.0
2026-10-05,api_football,Persha Liga,False,1,7.0
2026-10-05,api_football,Mineiro - 3,False,1,5.0
2026-10-05,api_football,2. Lig,False,1,7.0
2026-10-05,api_football,Non League Premier - Isthmian,False,6,5.5
2026-10-05,api_football,Liga Revelação U23,False,4,7.0
2026-10-05,api_football,Friendlies,False,13,5.9
2026-10-05,api_football,Professional Development League,False,1,7.0
2026-10-05,api_football,Division Profesional - Clausura,False,4,8.0
2026-10-05,api_football,Azadegan League,False,3,2.0
2026-10-05,api_football,Super League 2,False,3,6.3
2026-10-05,api_football,CONCACAF Nations League,False,9,8.9
2026-10-05,api_football,Division Intermedia,False,4,6.0
2026-10-05,api_football,Torneo Promocional Amateur,False,1,7.0
2026-10-05,api_football,CAF U23 Cup of Nations,False,1,2.0
2026-10-05,api_football,Friendlies Clubs,False,1,1.0
2026-10-05,api_football,Premier League,False,3,8.0
2026-10-05,api_football,Ligue 1,False,1,7.0
2026-10-05,api_football,IFA Shield,False,1,8.0
2026-10-05,api_football,FIFA Asean Cup,False,2,9.0
2026-10-05,api_football,Serie B,False,8,7.6
2026-10-05,api_football,Africa Cup of Nations - Qualification,False,1,5.0
2026-10-05,api_football,2. SNL,False,1,4.0
2026-10-05,api_football,Liga Panameña de Fútbol,False,1,7.0
2026-10-05,api_football,National League - South,False,3,8.0
2026-10-05,api_football,EFL Trophy,False,19,7.8
2026-10-05,api_football,Non League Premier - Northern,False,11,4.9
2026-10-05,api_football,Liga Alef,False,1,2.0
2026-10-05,api_football,Copa Chile,False,3,6.0
2026-10-05,api_football,FA Cup,False,3,6.0
2026-10-05,api_football,Major League Soccer,False,1,8.0
2026-10-05,api_football,Serie A,False,5,9.0
2026-10-05,api_football,Non League Premier - Southern South,False,1,5.0
2026-10-05,api_football,Finnish Veikkausliiga,True,1,9.0
2026-10-05,api_football,Ykkönen,False,1,5.0
2026-10-05,api_football,Copa Ecuador,False,1,6.0
2026-10-05,odds_api,Austrian Bundesliga,True,12,11.8
2026-10-05,odds_api,Belgian Pro League,True,9,18.2
2026-10-05,odds_api,Danish Superliga,True,6,19.5
2026-10-05,odds_api,English Premier League,True,20,19.9
2026-10-05,odds_api,Finnish Veikkausliiga,True,7,12.7
2026-10-05,odds_api,French Ligue 1,True,18,19.5
2026-10-05,odds_api,German Bundesliga,True,18,17.9
2026-10-05,odds_api,Greek Super League 1,True,14,12.1
2026-10-05,odds_api,Irish Premier Division,True,6,9.0
2026-10-05,odds_api,Italian Serie A,True,20,18.7
2026-10-05,odds_api,Dutch Eredivisie,True,9,17.6
2026-10-05,odds_api,Norwegian Eliteserien,True,8,16.5
2026-10-05,odds_api,Polish Ekstraklasa,True,9,15.0
2026-10-05,odds_api,Portuguese Primeira Liga,True,9,15.3
2026-10-05,odds_api,Russian Football Premier League,True,8,3.2
2026-10-05,odds_api,Scottish Premiership,True,6,14.2
2026-10-05,odds_api,Spanish La Liga,True,20,16.9
2026-10-05,odds_api,Swedish Allsvenskan,True,8,16.2
2026-10-05,odds_api,Swiss Super League,True,6,15.5
2026-10-05,odds_api,Turkish Super Lig,True,9,17.7
2026-10-06,api_football,UEFA U21 Championship - Qualification,False,21,7.0
2026-10-06,api_football,Liga Profesional Argentina,False,1,9.0
2026-10-06,api_football,3. Division - Girone 5,False,1,8.0
2026-10-06,api_football,Primera C,False,3,6.3
2026-10-06,api_football,Serie B,False,10,1.0
2026-10-06,api_football,League One,False,8,6.0
2026-10-06,api_football,UEFA Nations League,False,10,1.0
2026-10-06,api_football,Africa Cup of Nations - Qualification,False,1,1.0
2026-10-06,api_football,Svenska Cupen,False,1,8.0
2026-10-06,api_football,Primera B,False,3,4.3
2026-10-06,api_football,Primera A,False,2,8.5
2026-10-06,api_football,2. SNL,False,1,8.0
2026-10-06,api_football,FAW Championship,False,1,7.0
2026-10-06,api_football,Liga Panameña de Fútbol,False,1,7.0
2026-10-06,api_football,National League - South,False,3,9.0
2026-10-06,api_football,EFL Trophy,False,19,8.6
2026-10-06,api_football,Non League Premier - Isthmian,False,5,7.0
2026-10-06,api_football,Non League Premier - Northern,False,11,7.2
2026-10-06,api_football,Liga Revelação U23,False,3,5.0
2026-10-06,api_football,Reserve League,False,4,8.0
2026-10-06,api_football,Professional Development League,False,4,7.0
2026-10-06,api_football,National League Cup,False,3,7.0
2026-10-06,api_football,Copa de la División Profesional,False,3,3.3
2026-10-06,api_football,Liga Alef,False,1,2.0
2026-10-06,api_football,Friendlies,False,12,7.3
2026-10-06,api_football,Division Profesional - Clausura,False,2,8.0
2026-10-06,api_football,Cup,False,2,4.5
2026-10-06,api_football,League Two,False,12,3.3
2026-10-06,api_football,CONCACAF Nations League,False,9,6.7
2026-10-06,api_football,Segunda División,False,1,8.0
2026-10-06,api_football,NM Cupen,False,1,4.0
2026-10-06,api_football,Division Intermedia,False,2,5.0
2026-10-06,api_football,Africa Cup of Nations U20,False,1,2.0
2026-10-06,api_football,Copa Chile,False,3,7.7
2026-10-06,api_football,CAF U23 Cup of Nations,False,1,3.0
2026-10-06,api_football,FKF Premier League,False,1,8.0
2026-10-06,api_football,Friendlies Clubs,False,1,1.0
2026-10-06,api_football,Premier League,False,1,8.0
2026-10-06,api_football,Ligue 1,False,8,5.1
2026-10-06,api_football,Gulf Cup of Nations,False,1,9.0
2026-10-06,api_football,FA Cup,False,3,8.0
2026-10-06,api_football,Major League Soccer,False,1,1.0
2026-10-06,api_football,Serie A,False,8,5.2
2026-10-06,api_football,Canadian Premier League,False,2,7.5
2026-10-06,api_football,Non League Premier - Southern South,False,1,7.0
2026-10-06,api_football,Finnish Veikkausliiga,True,3,6.3
2026-10-06,api_football,Ykkönen,False,1,1.0
2026-10-06,api_football,Copa Ecuador,False,1,6.0
2026-10-06,api_football,Copa Uruguay,False,1,3.0
2026-10-06,api_football,1. Division,False,1,1.0
2026-10-06,api_football,Primera División,False,2,7.0
2026-10-06,api_football,Romanian Liga I,True,1,9.0
2026-10-06,api_football,Liga II,False,1,4.0
2026-10-06,api_football,Primera Division,False,1,1.0
2026-10-06,odds_api,Austrian Bundesliga,True,12,13.8
2026-10-06,odds_api,Belgian Pro League,True,9,17.2
2026-10-06,odds_api,Danish Superliga,True,6,19.3
2026-10-06,odds_api,English Premier League,True,20,18.4
2026-10-06,odds_api,Finnish Veikkausliiga,True,9,10.9
2026-10-06,odds_api,French Ligue 1,True,18,18.4
2026-10-06,odds_api,German Bundesliga,True,18,16.4
2026-10-06,odds_api,Greek Super League 1,True,14,13.1
2026-10-06,odds_api,Irish Premier Division,True,7,8.0
2026-10-06,odds_api,Italian Serie A,True,20,17.9
2026-10-06,odds_api,Dutch Eredivisie,True,9,18.0
2026-10-06,odds_api,Norwegian Eliteserien,True,8,16.8
2026-10-06,odds_api,Polish Ekstraklasa,True,10,14.4
2026-10-06,odds_api,Portuguese Primeira Liga,True,9,15.2
2026-10-06,odds_api,Russian Football Premier League,True,8,3.0
2026-10-06,odds_api,Scottish Premiership,True,6,13.2
2026-10-06,odds_api,Spanish La Liga,True,20,15.9
2026-10-06,odds_api,Swedish Allsvenskan,True,8,16.2
2026-10-06,odds_api,Swiss Super League,True,6,17.5
2026-10-06,odds_api,Turkish Super Lig,True,9,17.7
2026-10-07,api_football,Major League Soccer,False,1,8.0
2026-10-07,api_football,Serie A,False,10,9.0
2026-10-07,api_football,USL League One,False,3,7.3
2026-10-07,api_football,Super League,False,4,8.8
2026-10-07,api_football,Canadian Premier League,False,2,9.0
2026-10-07,api_football,Serie B,False,8,9.0
2026-10-07,api_football,League One,False,3,9.0
2026-10-07,api_football,Pro League A,False,5,5.0
2026-10-07,api_football,WK-League,False,2,7.0
2026-10-07,api_football,Football League - Highland League,False,1,6.0
2026-10-07,api_football,Primera B,False,2,8.5
2026-10-07,api_football,ASEAN Club Championship,False,6,6.3
2026-10-07,api_football,Copa Venezuela,False,6,8.0
2026-10-07,api_football,3. liga - CFL B,False,1,6.0
2026-10-07,api_football,Primera División RFEF - Group 2,False,2,7.0
2026-10-07,api_football,Segunda División RFEF - Group 5,False,1,8.0
2026-10-07,api_football,First Amateur Division,False,1,6.0
2026-10-07,api_football,Non League Premier - Northern,False,1,8.0
2026-10-07,api_football,Non League Premier - Southern South,False,1,8.0
2026-10-07,api_football,Goiano - 2,False,2,5.0
2026-10-07,api_football,Ligue 1,False,7,7.6
2026-10-07,api_football,U19 League,False,3,1.0
2026-10-07,api_football,Reserve League,False,5,7.0
2026-10-07,api_football,Copa de la División Profesional,False,3,6.7
2026-10-07,api_football,NPFL,False,1,5.0
2026-10-07,api_football,Friendlies,False,2,9.0
2026-10-07,api_football,Gaúcho - 3,False,1,5.0
2026-10-07,api_football,Azerbaijan - Birinci Dasta,True,2,5.5
2026-10-07,api_football,Liga Pro Serie B,False,2,6.0
2026-10-07,api_football,Premier League,False,4,6.5
2026-10-07,api_football,Emperor Cup,False,9,8.9
2026-10-07,api_football,Finnish Veikkausliiga,True,4,9.0
2026-10-07,api_football,Finland - Ykkönen,True,1,9.0
2026-10-07,api_football,Copa Chile,False,2,9.0
2026-10-07,api_football,League Two,False,3,7.3
2026-10-07,api_football,Friendlies Women,False,1,6.0
2026-10-07,api_football,Coppa Italia Serie D,False,12,6.9
2026-10-07,api_football,Copa do Brasil U20,False,6,5.8
2026-10-07,api_football,CONCACAF Nations League,False,1,9.0
2026-10-07,api_football,Segunda División,False,1,6.0
2026-10-07,api_football,League Cup,False,8,7.1
2026-10-07,api_football,Türkiye Kupası,False,9,7.6
2026-10-07,api_football,Piauiense - 2,False,1,5.0
2026-10-07,api_football,Gamma Ethniki - Group 10,False,2,6.5
2026-10-07,api_football,Copa Uruguay,False,2,8.0
2026-10-07,api_football,Irish Premier Division,True,4,5.8
2026-10-07,api_football,Division 2 - Norra Götaland,False,1,4.0
2026-10-07,api_football,Kazakhstan - 1. Division,True,3,1.0
2026-10-07,api_football,Primera División,False,6,7.8
2026-10-07,api_football,Primera A,False,2,9.0
2026-10-07,api_football,Montenegrin First League,True,4,6.5
2026-10-07,api_football,Romanian Liga I,True,2,9.0
2026-10-07,api_football,Second League,False,4,6.8
2026-10-07,api_football,Stars League,False,3,7.3
2026-10-07,api_football,Romania - Liga II,True,1,6.0
2026-10-07,api_football,Armenia - First League,True,2,1.0
2026-10-07,api_football,Tercera División RFEF - Group 15,False,1,3.0
2026-10-07,api_football,Liga Alef,False,6,5.2
2026-10-07,api_football,Iraqi League,False,2,4.5
2026-10-07,api_football,Primera Division,False,1,7.0
2026-10-07,api_football,League,False,1,6.0
2026-10-07,api_football,Ligue 2,False,1,5.0
2026-10-07,api_football,Botola Pro,False,5,6.6
2026-10-07,api_football,Ireland - First Division,True,5,7.0
2026-10-07,api_football,Liga Profesional Argentina,False,3,8.0
2026-10-07,api_football,USL Championship,False,1,7.0
2026-10-07,api_football,Swedish Allsvenskan,True,1,9.0
2026-10-07,api_football,Norwegian Eliteserien,True,1,9.0
2026-10-07,api_football,Ykkösliiga,False,4,8.0
2026-10-07,api_football,Ettan - Norra,False,1,4.0
2026-10-07,api_football,K League 1,False,3,9.0
2026-10-07,api_football,K League 2,False,3,9.0
2026-10-07,api_football,Estonia - Esiliiga A,True,1,1.0
2026-10-07,api_football,Belarus Vyscha Liga,True,1,2.0
2026-10-07,api_football,Croatian First Football League,True,1,9.0
2026-10-07,api_football,Danish Superliga,True,1,9.0
2026-10-07,api_football,Denmark - 1. Division,True,2,9.0
2026-10-07,api_football,Netherlands - Eerste Divisie,True,10,7.9
2026-10-07,api_football,Dutch Eredivisie,True,1,9.0
2026-10-07,api_football,France - Ligue 2,True,5,9.0
2026-10-07,api_football,French Ligue 1,True,1,9.0
2026-10-07,api_football,Polish Ekstraklasa,True,2,9.0
2026-10-07,api_football,Switzerland - Challenge League,True,5,7.6
2026-10-07,api_football,J1 League,False,2,9.0
2026-10-07,api_football,Lithuania - 1 Lyga,True,3,1.0
2026-10-07,api_football,Poland - I Liga,True,1,9.0
2026-10-07,api_football,Belgian Pro League,True,1,9.0
2026-10-07,api_football,Belgium - Challenger Pro League,True,2,8.0
2026-10-07,api_football,Liga Nacional,False,2,3.5
2026-10-07,api_football,Czech Republic - FNL,True,4,6.0
2026-10-07,api_football,Czech First League,True,1,9.0
2026-10-07,api_football,Russian Football Premier League,True,1,4.0
2026-10-07,api_football,II Liga - East,False,2,4.0
2026-10-07,api_football,Northern Irish Premiership,True,1,8.0
2026-10-07,api_football,England - Championship,True,1,9.0
2026-10-07,api_football,Ukrainian Premier League,True,1,4.0
2026-10-07,api_football,Austria - 2. Liga,True,2,8.0
2026-10-07,api_football,Spanish La Liga,True,1,9.0
2026-10-07,api_football,Bulgaria - Second League,True,2,6.0
2026-10-07,api_football,German Bundesliga,True,1,9.0
2026-10-07,api_football,Portuguese Primeira Liga,True,2,9.0
2026-10-07,api_football,Welsh Cymru Premier,True,7,4.7
2026-10-07,api_football,Germany - 2. Bundesliga,True,2,9.0
2026-10-07,api_football,Portugal - Segunda Liga,True,1,9.0
2026-10-07,api_football,Russia - First League,True,2,3.0
2026-10-07,api_football,Wales - FAW Championship,True,2,4.0
2026-10-07,api_football,Liga de Expansión MX,False,2,7.0
2026-10-07,api_football,3. Liga,False,1,8.0
2026-10-07,api_football,Turkish Super Lig,True,1,9.0
2026-10-07,api_football,National League,False,1,8.0
2026-10-07,api_football,Turkey - 1. Lig,True,4,9.0
2026-10-07,api_football,Croatia - First NL,True,4,5.0
2026-10-07,api_football,Italy - Serie B,True,1,9.0
2026-10-07,api_football,Pro League,False,3,7.0
2026-10-07,api_football,Cypriot First Division,True,1,5.0
2026-10-07,api_football,Serie C - Girone A,False,1,3.0
2026-10-07,api_football,Liga 1,False,1,7.0
2026-10-07,api_football,FAI Cup,False,1,2.0
2026-10-07,api_football,Liga Pro,False,2,7.0
2026-10-07,odds_api,Austrian Bundesliga,True,12,12.9
2026-10-07,odds_api,Belgian Pro League,True,9,17.0
2026-10-07,odds_api,Danish Superliga,True,6,18.8
2026-10-07,odds_api,English Premier League,True,20,18.5
2026-10-07,odds_api,Finnish Veikkausliiga,True,9,10.8
2026-10-07,odds_api,French Ligue 1,True,18,17.5
2026-10-07,odds_api,German Bundesliga,True,18,16.6
2026-10-07,odds_api,Greek Super League 1,True,14,12.6
2026-10-07,odds_api,Irish Premier Division,True,6,9.0
2026-10-07,odds_api,Italian Serie A,True,20,17.5
2026-10-07,odds_api,Dutch Eredivisie,True,18,13.2
2026-10-07,odds_api,Norwegian Eliteserien,True,8,16.2
2026-10-07,odds_api,Polish Ekstraklasa,True,10,14.9
2026-10-07,odds_api,Portuguese Primeira Liga,True,9,14.9
2026-10-07,odds_api,Russian Football Premier League,True,8,3.9
2026-10-07,odds_api,Scottish Premiership,True,6,14.0
2026-10-07,odds_api,Spanish La Liga,True,20,15.0
2026-10-07,odds_api,Swedish Allsvenskan,True,8,16.9
2026-10-07,odds_api,Swiss Super League,True,6,17.0
2026-10-07,odds_api,Turkish Super Lig,True,9,16.9
2026-10-07,odds_api,England - Championship,True,20,14.8
2026-10-07,odds_api,France - Ligue 2,True,9,18.1
2026-10-07,odds_api,Germany - 2. Bundesliga,True,9,18.6
2026-10-07,odds_api,Italy - Serie B,True,10,16.2
2026-10-07,odds_api,Spain - Segunda División,True,11,15.6
2026-10-07,odds_api,Sweden - Superettan,True,8,11.6
2026-10-08,api_football,Serie A,False,5,8.4
2026-10-08,api_football,Irish Premier Division,True,4,5.5
2026-10-08,api_football,USL League One,False,1,9.0
2026-10-08,api_football,Division 2 - Norra Götaland,False,2,6.0
2026-10-08,api_football,Serie B,False,2,10.0
2026-10-08,api_football,Pro League A,False,3,4.3
2026-10-08,api_football,Kazakhstan - 1. Division,True,3,1.0
2026-10-08,api_football,Primera División,False,22,7.3
2026-10-08,api_football,Primera B,False,5,3.6
2026-10-08,api_football,Primera A,False,5,6.0
2026-10-08,api_football,ASEAN Club Championship,False,3,8.3
2026-10-08,api_football,Montenegrin First League,True,4,5.8
2026-10-08,api_football,Romanian Liga I,True,6,8.3
2026-10-08,api_football,Second League,False,8,8.4
2026-10-08,api_football,Stars League,False,5,8.8
2026-10-08,api_football,Primera Division,False,3,7.3
2026-10-08,api_football,Ligi kuu Bara,False,2,5.0
2026-10-08,api_football,Romania - Liga II,True,8,6.5
2026-10-08,api_football,Armenia - First League,True,2,1.0
2026-10-08,api_football,Ligue 1,False,5,9.2
2026-10-08,api_football,U19 League,False,1,1.0
2026-10-08,api_football,Reserve League,False,4,3.0
2026-10-08,api_football,Tercera División RFEF - Group 15,False,1,8.0
2026-10-08,api_football,Copa de la División Profesional,False,2,9.0
2026-10-08,api_football,Liga Alef,False,15,7.3
2026-10-08,api_football,Iraqi League,False,4,6.8
2026-10-08,api_football,Azerbaijan - Birinci Dasta,True,3,5.7
2026-10-08,api_football,Liga Pro Serie B,False,2,6.5
2026-10-08,api_football,V.League 1,False,1,10.0
2026-10-08,api_football,Finnish Veikkausliiga,True,5,6.4
2026-10-08,api_football,Copa do Brasil U20,False,5,6.8
2026-10-08,api_football,League Cup,False,7,9.4
2026-10-08,api_football,Nasjonal U19 Champions League,False,1,4.0
2026-10-08,api_football,Persian Gulf Pro League,False,9,3.0
2026-10-08,api_football,Segunda División,False,3,6.0
2026-10-08,api_football,Premier League,False,9,5.4
2026-10-08,api_football,League,False,2,8.0
2026-10-08,api_football,Ligue 2,False,10,5.3
2026-10-08,api_football,Botola Pro,False,5,9.6
2026-10-08,api_football,IFA Shield,False,1,8.0
2026-10-08,api_football,Division 1,False,1,8.0
2026-10-08,api_football,Ireland - First Division,True,5,9.0
2026-10-08,api_football,Liga Profesional Argentina,False,7,8.3
2026-10-08,api_football,USL Championship,False,7,7.3
2026-10-08,api_football,Swedish Allsvenskan,True,4,10.0
2026-10-08,api_football,Norwegian Eliteserien,True,3,10.0
2026-10-08,api_football,3. Division - Girone 4,False,1,1.0
2026-10-08,api_football,Primera B Metropolitana,False,8,4.2
2026-10-08,api_football,Ykkösliiga,False,4,9.0
2026-10-08,api_football,Ettan - Norra,False,4,6.5
2026-10-08,api_football,K League 1,False,5,6.0
2026-10-08,api_football,K League 2,False,7,6.0
2026-10-08,api_football,Estonia - Esiliiga A,True,3,2.0
2026-10-08,api_football,K3 League,False,5,5.2
2026-10-08,api_football,Super League,False,5,7.6
2026-10-08,api_football,Belarus Vyscha Liga,True,4,2.8
2026-10-08,api_football,Croatian First Football League,True,3,8.7
2026-10-08,api_football,Danish Superliga,True,1,10.0
2026-10-08,api_football,Denmark - 1. Division,True,5,9.8
2026-10-08,api_football,Netherlands - Eerste Divisie,True,10,6.0
2026-10-08,api_football,Dutch Eredivisie,True,5,9.2
2026-10-08,api_football,France - Ligue 2,True,8,5.6
2026-10-08,api_football,French Ligue 1,True,6,8.8
2026-10-08,api_football,Polish Ekstraklasa,True,5,9.2
2026-10-08,api_football,Switzerland - Challenge League,True,5,6.0
2026-10-08,api_football,Israel - Liga Leumit,True,4,8.0
2026-10-08,api_football,J3 League,False,4,2.0
2026-10-08,api_football,J1 League,False,6,8.5
2026-10-08,api_football,Lithuania - 1 Lyga,True,6,3.7
2026-10-08,api_football,World Cup - Women - Qualification Europe,False,1,8.0
2026-10-08,api_football,Poland - I Liga,True,4,8.8
2026-10-08,api_football,Belgian Pro League,True,5,9.2
2026-10-08,api_football,Belgium - Challenger Pro League,True,5,7.8
2026-10-08,api_football,Liga Nacional,False,6,3.5
2026-10-08,api_football,Czech Republic - FNL,True,7,6.4
2026-10-08,api_football,Czech First League,True,5,9.2
2026-10-08,api_football,Russian Football Premier League,True,5,4.6
2026-10-08,api_football,II Liga - East,False,5,6.0
2026-10-08,api_football,Northern Irish Premiership,True,6,8.0
2026-10-08,api_football,England - Championship,True,11,10.0
2026-10-08,api_football,1. Liga U19,False,2,1.0
2026-10-08,api_football,Ukrainian Premier League,True,4,5.0
2026-10-08,api_football,Austria - 2. Liga,True,5,9.4
2026-10-08,api_football,III Liga - Group 4,False,1,1.0
2026-10-08,api_football,III Liga - Group 3,False,1,1.0
2026-10-08,api_football,III Liga - Group 2,False,2,1.0
2026-10-08,api_football,III Liga - Group 1,False,1,1.0
2026-10-08,api_football,Spanish La Liga,True,5,10.0
2026-10-08,api_football,Primera División RFEF - Group 2,False,5,6.4
2026-10-08,api_football,Bulgaria - Second League,True,6,4.7
2026-10-08,api_football,Regionalliga - Ost,False,3,6.0
2026-10-08,api_football,German Bundesliga,True,7,10.0
2026-10-08,api_football,Portuguese Primeira Liga,True,5,8.4
2026-10-08,api_football,Welsh Cymru Premier,True,8,3.4
2026-10-08,api_football,Germany - 2. Bundesliga,True,6,10.0
2026-10-08,api_football,Portugal - Segunda Liga,True,5,9.2
2026-10-08,api_football,Russia - First League,True,8,3.8
2026-10-08,api_football,Wales - FAW Championship,True,11,6.0
2026-10-08,api_football,Liga de Expansión MX,False,5,8.4
2026-10-08,api_football,Bosnian Premier Liga,True,2,3.0
2026-10-08,api_football,3. Liga,False,7,9.3
2026-10-08,api_football,Turkish Super Lig,True,5,10.0
2026-10-08,api_football,National League,False,13,8.8
2026-10-08,api_football,Turkey - 1. Lig,True,8,10.0
2026-10-08,api_football,Regionalliga - Bayern,False,8,1.0
2026-10-08,api_football,Regionalliga - Nordost,False,5,1.0
2026-10-08,api_football,Regionalliga - SudWest,False,6,1.0
2026-10-08,api_football,Croatia - First NL,True,6,2.7
2026-10-08,api_football,Second NL,False,1,1.0
2026-10-08,api_football,Italy - Serie B,True,7,9.0
2026-10-08,api_football,Azerbaijani Premier League,True,2,5.5
2026-10-08,api_football,Pro League,False,6,9.3
2026-10-08,api_football,Cypriot First Division,True,3,5.0
2026-10-08,api_football,Regionalliga - South,False,1,5.0
2026-10-08,api_football,Serie C - Girone A,False,1,3.0
2026-10-08,api_football,Reserve Pro League,False,2,2.0
2026-10-08,api_football,Liga 1,False,1,6.0
2026-10-08,api_football,Friendlies Women,False,5,4.8
2026-10-08,api_football,FKF Premier League,False,1,1.0
2026-10-08,api_football,Liga 2,False,2,1.0
2026-10-08,api_football,FAI Cup,False,2,1.5
2026-10-08,api_football,FA Cup,False,1,1.0
2026-10-08,api_football,Liga Pro,False,5,9.2
2026-10-08,api_football,Kosovan Superleague,True,2,1.0
2026-10-08,api_football,Major League Soccer,False,9,8.9
2026-10-08,api_football,Sweden - Superettan,True,4,10.0
2026-10-08,api_football,Primera Nacional,False,4,8.0
2026-10-08,api_football,Ettan - Södra,False,6,6.0
2026-10-08,api_football,Georgian Erovnuli Liga,True,1,2.0
2026-10-08,api_football,Division 2 - Norra Svealand,False,5,1.0
2026-10-08,api_football,Division 2 - Södra Götaland,False,3,2.0
2026-10-08,api_football,Division 2 - Södra Svealand,False,3,1.7
2026-10-08,api_football,Estonian Meistriliiga,True,3,6.0
2026-10-08,api_football,Latvian Higher League,True,2,6.0
2026-10-08,api_football,Kazakhstan Premier League,True,5,2.6
2026-10-08,api_football,Lithuanian TOPLYGA,True,1,6.0
2026-10-08,api_football,Italian Serie A,True,3,10.0
2026-10-08,api_football,Liga MX,False,4,9.5
2026-10-08,api_football,Bulgarian First League,True,3,8.0
2026-10-08,api_football,Slovak First Football League,True,4,10.0
2026-10-08,api_football,Serbian Super Liga,True,4,6.2
2026-10-08,api_football,Swiss Super League,True,3,10.0
2026-10-08,api_football,Israeli Premier League,True,6,8.7
2026-10-08,api_football,Scottish Premiership,True,4,10.0
2026-10-08,api_football,Scotland - Championship,True,5,10.0
2026-10-08,api_football,League One,False,17,9.3
2026-10-08,api_football,English Premier League,True,6,10.0
2026-10-08,api_football,League Two,False,17,9.0
2026-10-08,api_football,Slovenian 1. SNL,True,3,10.0
2026-10-08,api_football,Hungarian NB I,True,3,9.0
2026-10-08,api_football,Slovakia - 2. liga,True,3,6.0
2026-10-08,api_football,Austrian Bundesliga,True,3,9.7
2026-10-08,api_football,Oberliga - Bayern Süd,False,2,1.0
2026-10-08,api_football,Spain - Segunda División,True,3,10.0
2026-10-08,api_football,Primera División RFEF - Group 1,False,5,5.8
2026-10-08,api_football,Hungary - NB II,True,6,6.0
2026-10-08,api_football,Segunda División RFEF - Group 1,False,5,6.0
2026-10-08,api_football,Segunda División RFEF - Group 2,False,5,6.0
2026-10-08,api_football,Segunda División RFEF - Group 3,False,1,6.0
2026-10-08,api_football,Segunda División RFEF - Group 4,False,1,6.0
2026-10-08,api_football,Segunda División RFEF - Group 5,False,1,5.0
2026-10-08,api_football,2. Division,False,5,6.0
2026-10-08,api_football,Second League A - Division A Silver,False,3,3.0
2026-10-08,api_football,Regionalliga - Nord,False,2,1.0
2026-10-08,api_football,Regionalliga - West,False,3,1.0
2026-10-08,api_football,National League - North,False,12,5.7
2026-10-08,api_football,National League - South,False,12,5.0
2026-10-08,api_football,2. Lig,False,1,6.0
2026-10-08,api_football,Greek Super League 1,True,2,10.0
2026-10-08,api_football,U19 Bundesliga,False,7,1.0
2026-10-08,api_football,Non League Premier - Isthmian,False,11,5.0
2026-10-08,api_football,Non League Premier - Northern,False,11,5.0
2026-10-08,api_football,Non League Premier - Southern Central,False,11,5.0
2026-10-08,api_football,Non League Premier - Southern South,False,10,5.0
2026-10-08,api_football,J2 League,False,6,8.8
2026-10-08,api_football,Division Profesional - Clausura,False,2,6.0
2026-10-08,api_football,8 Cup,False,1,1.0
2026-10-08,api_football,Finland - Ykkönen,True,2,7.0
2026-10-08,api_football,Icelandic Besta deild karla,True,4,9.0
2026-10-08,api_football,Australia Cup,False,1,9.0
2026-10-08,odds_api,Austrian Bundesliga,True,12,13.9
2026-10-08,odds_api,Belgian Pro League,True,9,18.4
2026-10-08,odds_api,Danish Superliga,True,6,20.0
2026-10-08,odds_api,English Premier League,True,20,19.5
2026-10-08,odds_api,Finnish Veikkausliiga,True,8,11.1
2026-10-08,odds_api,French Ligue 1,True,18,18.5
2026-10-08,odds_api,German Bundesliga,True,18,18.6
2026-10-08,odds_api,Greek Super League 1,True,14,13.6
2026-10-08,odds_api,Irish Premier Division,True,6,10.2
2026-10-08,odds_api,Italian Serie A,True,20,18.5
2026-10-08,odds_api,Dutch Eredivisie,True,18,14.9
2026-10-08,odds_api,Norwegian Eliteserien,True,8,17.9
2026-10-08,odds_api,Polish Ekstraklasa,True,10,16.4
2026-10-08,odds_api,Portuguese Primeira Liga,True,9,16.4
2026-10-08,odds_api,Russian Football Premier League,True,8,3.9
2026-10-08,odds_api,Scottish Premiership,True,6,15.8
2026-10-08,odds_api,Spanish La Liga,True,20,16.1
2026-10-08,odds_api,Swedish Allsvenskan,True,8,18.6
2026-10-08,odds_api,Swiss Super League,True,6,18.0
2026-10-08,odds_api,Turkish Super Lig,True,9,17.9
2026-10-08,odds_api,England - Championship,True,24,14.3
2026-10-08,odds_api,France - Ligue 2,True,9,19.8
2026-10-08,odds_api,Germany - 2. Bundesliga,True,9,20.0
2026-10-08,odds_api,Italy - Serie B,True,10,18.7
2026-10-08,odds_api,Spain - Segunda División,True,11,16.9
2026-10-08,odds_api,Sweden - Superettan,True,8,12.9
2026-10-09,api_football,Serie A,False,8,9.5
2026-10-09,api_football,Irish Premier Division,True,3,6.7
2026-10-09,api_football,Ireland - First Division,True,5,10.0
2026-10-09,api_football,Liga Profesional Argentina,False,12,9.9
2026-10-09,api_football,USL Championship,False,12,8.0
2026-10-09,api_football,Swedish Allsvenskan,True,6,10.0
2026-10-09,api_football,Norwegian Eliteserien,True,7,10.0
2026-10-09,api_football,3. Division - Girone 4,False,1,9.0
2026-10-09,api_football,Primera B Metropolitana,False,10,6.6
2026-10-09,api_football,Ykkösliiga,False,5,9.4
2026-10-09,api_football,Ettan - Norra,False,7,8.0
2026-10-09,api_football,K League 1,False,6,10.0
2026-10-09,api_football,Liga 3,False,11,7.0
2026-10-09,api_football,K League 2,False,8,10.0
2026-10-09,api_football,Division 2 - Norra Götaland,False,6,3.2
2026-10-09,api_football,Division 2 - Västra Götaland,False,2,4.5
2026-10-09,api_football,Super League,False,14,9.4
2026-10-09,api_football,Youth Championship,False,6,2.8
2026-10-09,api_football,Estonia - Esiliiga A,True,4,5.8
2026-10-09,api_football,K3 League,False,5,8.6
2026-10-09,api_football,Belarus Vyscha Liga,True,7,3.6
2026-10-09,api_football,Kazakhstan - 1. Division,True,2,1.0
2026-10-09,api_football,Croatian First Football League,True,5,10.0
2026-10-09,api_football,Danish Superliga,True,5,10.0
2026-10-09,api_football,Primera B,False,7,8.6
2026-10-09,api_football,Primera A,False,6,9.2
2026-10-09,api_football,Denmark - 1. Division,True,6,9.8
2026-10-09,api_football,Primera División,False,38,9.1
2026-10-09,api_football,Netherlands - Eerste Divisie,True,10,10.0
2026-10-09,api_football,Dutch Eredivisie,True,9,10.0
2026-10-09,api_football,France - Ligue 2,True,8,10.0
2026-10-09,api_football,French Ligue 1,True,9,10.0
2026-10-09,api_football,Polish Ekstraklasa,True,8,10.0
2026-10-09,api_football,Switzerland - Challenge League,True,5,10.0
2026-10-09,api_football,Israel - Liga Leumit,True,5,8.8
2026-10-09,api_football,J3 League,False,10,7.5
2026-10-09,api_football,J1 League,False,10,9.9
2026-10-09,api_football,Lithuania - 1 Lyga,True,7,6.6
2026-10-09,api_football,World Cup - Women - Qualification Europe,False,15,9.3
2026-10-09,api_football,Poland - I Liga,True,8,10.0
2026-10-09,api_football,Belgian Pro League,True,9,10.0
2026-10-09,api_football,Slovenia - 2. SNL,True,8,5.6
2026-10-09,api_football,Belgium - Challenger Pro League,True,7,9.6
2026-10-09,api_football,Montenegro - Second League,True,1,3.0
2026-10-09,api_football,Liga Nacional,False,11,6.8
2026-10-09,api_football,Czech Republic - FNL,True,7,9.6
2026-10-09,api_football,Czech First League,True,8,10.0
2026-10-09,api_football,Russian Football Premier League,True,8,5.0
2026-10-09,api_football,II Liga - East,False,8,8.8
2026-10-09,api_football,Northern Irish Premiership,True,6,10.0
2026-10-09,api_football,3. liga - CFL A,False,1,8.0
2026-10-09,api_football,England - Championship,True,12,10.0
2026-10-09,api_football,Northern Ireland - Championship,True,6,5.5
2026-10-09,api_football,1. Liga U19,False,4,9.0
2026-10-09,api_football,Romanian Liga I,True,5,10.0
2026-10-09,api_football,Ukrainian Premier League,True,7,8.0
2026-10-09,api_football,Oberliga - Hamburg,False,1,1.0
2026-10-09,api_football,Austria - 2. Liga,True,8,9.8
2026-10-09,api_football,III Liga - Group 4,False,1,6.0
2026-10-09,api_football,III Liga - Group 3,False,1,7.0
2026-10-09,api_football,III Liga - Group 2,False,2,6.5
2026-10-09,api_football,III Liga - Group 1,False,1,6.0
2026-10-09,api_football,Spanish La Liga,True,9,10.0
2026-10-09,api_football,Primera División RFEF - Group 2,False,9,8.4
2026-10-09,api_football,Bulgaria - Second League,True,6,7.3
2026-10-09,api_football,Regionalliga - Ost,False,3,6.3
2026-10-09,api_football,German Bundesliga,True,9,10.0
2026-10-09,api_football,Portuguese Primeira Liga,True,8,10.0
2026-10-09,api_football,Welsh Cymru Premier,True,8,9.6
2026-10-09,api_football,Germany - 2. Bundesliga,True,9,10.0
2026-10-09,api_football,Portugal - Segunda Liga,True,8,10.0
2026-10-09,api_football,Russia - First League,True,9,4.2
2026-10-09,api_football,3. Division,False,6,6.5
2026-10-09,api_football,Wales - FAW Championship,True,14,6.3
2026-10-09,api_football,Liga de Expansión MX,False,6,9.5
2026-10-09,api_football,Maltese Premier League,True,6,7.0
2026-10-09,api_football,Mineiro - 3,False,2,5.0
2026-10-09,api_football,Oberliga - Baden-Württemberg,False,2,1.0
2026-10-09,api_football,Bosnian Premier Liga,True,5,7.4
2026-10-09,api_football,3. Liga,False,10,10.0
2026-10-09,api_football,Turkish Super Lig,True,8,10.0
2026-10-09,api_football,National League,False,13,8.9
2026-10-09,api_football,Turkey - 1. Lig,True,10,10.0
2026-10-09,api_football,Regionalliga - Bayern,False,8,1.6
2026-10-09,api_football,Regionalliga - Nordost,False,8,1.0
2026-10-09,api_football,Division 1,False,4,6.8
2026-10-09,api_football,Croatia - First NL,True,8,7.5
2026-10-09,api_football,Oberliga - Niederrhein,False,2,1.0
2026-10-09,api_football,Liga MX U21,False,2,6.5
2026-10-09,api_football,Second League,False,7,8.9
2026-10-09,api_football,Second NL,False,6,6.7
2026-10-09,api_football,Stars League,False,4,9.2
2026-10-09,api_football,Copa Santa Catarina,False,1,8.0
2026-10-09,api_football,Thai League 1,False,8,8.5
2026-10-09,api_football,Liga Revelação U23,False,1,10.0
2026-10-09,api_football,Ligi kuu Bara,False,3,8.3
2026-10-09,api_football,Italy - Serie B,True,10,10.0
2026-10-09,api_football,Azerbaijani Premier League,True,4,8.8
2026-10-09,api_football,Thai League 2,False,1,8.0
2026-10-09,api_football,Pro League,False,9,9.6
2026-10-09,api_football,Cypriot First Division,True,6,8.2
2026-10-09,api_football,Premier League,False,18,8.3
2026-10-09,api_football,Regionalliga - South,False,1,5.0
2026-10-09,api_football,Serie C - Girone A,False,10,8.6
2026-10-09,api_football,1. Liga Classic - Group 3,False,1,8.0
2026-10-09,api_football,Ligue 1,False,3,8.0
2026-10-09,api_football,Reserve Pro League,False,2,6.0
2026-10-09,api_football,Tercera División RFEF - Group 6,False,1,9.0
2026-10-09,api_football,Tercera División RFEF - Group 15,False,1,7.0
2026-10-09,api_football,Professional Development League,False,1,8.0
2026-10-09,api_football,Liga Alef,False,9,8.7
2026-10-09,api_football,Liga 1,False,7,9.7
2026-10-09,api_football,Premier League Cup,False,12,7.2
2026-10-09,api_football,Iraqi League,False,4,6.0
2026-10-09,api_football,NPFL,False,1,6.0
2026-10-09,api_football,Friendlies Women,False,7,7.0
2026-10-09,api_football,Azerbaijan - Birinci Dasta,True,2,5.5
2026-10-09,api_football,National Soccer League,False,1,6.0
2026-10-09,api_football,Liga III - Serie 3,False,1,6.0
2026-10-09,api_football,Liga III - Serie 6,False,1,4.0
2026-10-09,api_football,Liga III - Serie 7,False,1,6.0
2026-10-09,api_football,Liga 2,False,5,7.2
2026-10-09,api_football,Finnish Veikkausliiga,True,3,10.0
2026-10-09,api_football,FAI Cup,False,2,8.5
2026-10-09,api_football,FA Cup,False,1,9.0
2026-10-09,api_football,League Cup,False,2,9.0
2026-10-09,api_football,Nasjonal U19 Champions League,False,1,6.0
2026-10-09,api_football,Persian Gulf Pro League,False,3,3.0
2026-10-09,api_football,Liga Pro,False,8,9.4
2026-10-09,api_football,San-Marino Campionato,True,3,7.0
2026-10-09,api_football,Copa do Brasil U20,False,1,5.0
2026-10-09,api_football,Kosovan Superleague,True,4,7.2
2026-10-09,api_football,Professional League,False,2,6.5
2026-10-09,api_football,League,False,1,9.0
2026-10-09,api_football,Paulista - U20,False,4,7.0
2026-10-09,api_football,Ligue 2,False,10,7.9
2026-10-09,api_football,Major League Soccer,False,15,8.9
2026-10-09,api_football,Sweden - Superettan,True,7,10.0
2026-10-09,api_football,Primera Nacional,False,14,9.0
2026-10-09,api_football,Ettan - Södra,False,7,8.0
2026-10-09,api_football,Georgian Erovnuli Liga,True,2,3.5
2026-10-09,api_football,Division 2 - Norra Svealand,False,7,2.7
2026-10-09,api_football,Division 2 - Södra Götaland,False,6,1.5
2026-10-09,api_football,Division 2 - Södra Svealand,False,6,1.3
2026-10-09,api_football,Estonian Meistriliiga,True,5,7.6
2026-10-09,api_football,Latvian Higher League,True,4,6.0
2026-10-09,api_football,Canadian Premier League,False,1,9.0
2026-10-09,api_football,Kazakhstan Premier League,True,7,5.0
2026-10-09,api_football,Latvia - 1. Liga,True,3,5.0
2026-10-09,api_football,Second League - Group 1,False,3,2.0
2026-10-09,api_football,Second League - Group 2,False,5,2.0
2026-10-09,api_football,Second League - Group 3,False,4,2.0
2026-10-09,api_football,Lithuanian TOPLYGA,True,1,8.0
2026-10-09,api_football,Italian Serie A,True,8,10.0
2026-10-09,api_football,Liga MX,False,8,10.0
2026-10-09,api_football,Bulgarian First League,True,6,8.3
2026-10-09,api_football,Slovak First Football League,True,6,10.0
2026-10-09,api_football,Serbian Super Liga,True,6,8.8
2026-10-09,api_football,Swiss Super League,True,6,10.0
2026-10-09,api_football,Israeli Premier League,True,6,8.8
2026-10-09,api_football,Scottish Premiership,True,6,10.0
2026-10-09,api_football,Scotland - Championship,True,5,10.0
2026-10-09,api_football,League One,False,17,9.7
2026-10-09,api_football,English Premier League,True,9,10.0
2026-10-09,api_football,League Two,False,17,9.7
2026-10-09,api_football,Slovenian 1. SNL,True,5,10.0
2026-10-09,api_football,Hungarian NB I,True,6,9.0
2026-10-09,api_football,Slovakia - 2. liga,True,7,8.7
2026-10-09,api_football,Austrian Bundesliga,True,6,9.8
2026-10-09,api_football,Oberliga - Bayern Süd,False,2,1.0
2026-10-09,api_football,K4 League,False,3,5.0
2026-10-09,api_football,Spain - Segunda División,True,6,10.0
2026-10-09,api_football,Primera División RFEF - Group 1,False,8,7.9
2026-10-09,api_football,Hungary - NB II,True,7,6.0
2026-10-09,api_football,Segunda División RFEF - Group 1,False,9,8.0
2026-10-09,api_football,Segunda División RFEF - Group 2,False,8,7.8
2026-10-09,api_football,Segunda División RFEF - Group 3,False,9,8.0
2026-10-09,api_football,Segunda División RFEF - Group 4,False,8,7.9
2026-10-09,api_football,Segunda División RFEF - Group 5,False,7,6.6
2026-10-09,api_football,1. Liga Promotion,False,1,2.0
2026-10-09,api_football,2. Division,False,6,8.3
2026-10-09,api_football,4. liga - Divizie F,False,1,1.0
2026-10-09,api_football,Ukraine - Persha Liga,True,5,1.6
2026-10-09,api_football,Liga Panameña de Fútbol,False,3,8.0
2026-10-09,api_football,Second League A - Division A Gold,False,5,3.0
2026-10-09,api_football,Second League A - Division A Silver,False,3,3.0
2026-10-09,api_football,Regionalliga - Nord,False,7,1.0
2026-10-09,api_football,Regionalliga - SudWest,False,5,1.0
2026-10-09,api_football,Regionalliga - West,False,4,1.0
2026-10-09,api_football,National League - North,False,12,8.0
2026-10-09,api_football,National League - South,False,12,8.0
2026-10-09,api_football,2. Lig,False,5,6.0
2026-10-09,api_football,Greek Super League 1,True,6,10.0
2026-10-09,api_football,U19 Bundesliga,False,7,1.0
2026-10-09,api_football,Non League Premier - Isthmian,False,11,5.0
2026-10-09,api_football,Non League Premier - Northern,False,11,5.0
2026-10-09,api_football,Non League Premier - Southern Central,False,11,5.0
2026-10-09,api_football,Non League Premier - Southern South,False,11,5.0
2026-10-09,api_football,Central Youth League,False,2,5.5
2026-10-09,api_football,Primera Division,False,6,6.3
2026-10-09,api_football,Division 2 - Norrland,False,1,2.0
2026-10-09,api_football,Liga de Ascenso,False,1,6.0
2026-10-09,api_football,Romania - Liga II,True,9,7.4
2026-10-09,api_football,J2 League,False,10,9.5
2026-10-09,api_football,Bosnia - 1st League - RS,True,2,3.5
2026-10-09,api_football,Girabola,False,1,5.0
2026-10-09,api_football,FKF Premier League,False,3,5.7
2026-10-09,api_football,Division Profesional - Clausura,False,4,7.5
2026-10-09,api_football,Primera Premier,False,1,5.0
2026-10-09,api_football,8 Cup,False,1,1.0
2026-10-09,api_football,Serie C,False,4,8.8
2026-10-09,api_football,Finland - Ykkönen,True,2,8.0
2026-10-09,api_football,Icelandic Besta deild karla,True,6,9.8
2026-10-09,api_football,Australia Cup,False,1,9.0
2026-10-09,api_football,Torneo Federal A,False,2,5.5
2026-10-09,api_football,Segunda División,False,3,8.0
2026-10-09,api_football,Division Intermedia,False,5,6.0
2026-10-09,api_football,Norway - 1. Division,True,8,10.0
2026-10-09,api_football,Faroe Islands Premier League,True,2,2.0
2026-10-09,api_football,Serie B,False,5,9.8
2026-10-09,api_football,Serbia - Prva Liga,True,4,2.0
2026-10-09,api_football,Serie C - Girone B,False,5,8.0
2026-10-09,api_football,Serie C - Girone C,False,4,8.0
2026-10-09,api_football,Oberliga - Mittelrhein,False,1,1.0
2026-10-09,odds_api,Austrian Bundesliga,True,12,13.2
2026-10-09,odds_api,Belgian Pro League,True,9,18.2
2026-10-09,odds_api,Danish Superliga,True,6,19.8
2026-10-09,odds_api,English Premier League,True,20,19.5
2026-10-09,odds_api,Finnish Veikkausliiga,True,6,14.2
2026-10-09,odds_api,French Ligue 1,True,18,17.5
2026-10-09,odds_api,German Bundesliga,True,18,17.9
2026-10-09,odds_api,Greek Super League 1,True,14,12.6
2026-10-09,odds_api,Irish Premier Division,True,5,9.6
2026-10-09,odds_api,Italian Serie A,True,20,18.5
2026-10-09,odds_api,Dutch Eredivisie,True,18,16.1
2026-10-09,odds_api,Norwegian Eliteserien,True,8,18.9
2026-10-09,odds_api,Polish Ekstraklasa,True,10,16.8
2026-10-09,odds_api,Portuguese Primeira Liga,True,9,17.6
2026-10-09,odds_api,Russian Football Premier League,True,8,3.9
2026-10-09,odds_api,Scottish Premiership,True,6,16.0
2026-10-09,odds_api,Spanish La Liga,True,20,16.2
2026-10-09,odds_api,Swedish Allsvenskan,True,8,19.5
2026-10-09,odds_api,Swiss Super League,True,6,18.8
2026-10-09,odds_api,Turkish Super Lig,True,9,18.0
2026-10-09,odds_api,England - Championship,True,24,14.4
2026-10-09,odds_api,France - Ligue 2,True,9,18.9
2026-10-09,odds_api,Germany - 2. Bundesliga,True,9,19.0
2026-10-09,odds_api,Italy - Serie B,True,10,19.0
2026-10-09,odds_api,Spain - Segunda División,True,11,17.7
2026-10-09,odds_api,Sweden - Superettan,True,8,13.5
2026-10-10,api_football,Major League Soccer,False,15,8.9
2026-10-10,api_football,Serie A,False,9,9.7
2026-10-10,api_football,Liga Profesional Argentina,False,12,9.9
2026-10-10,api_football,USL Championship,False,11,8.9
2026-10-10,api_football,USL League One,False,8,8.8
2026-10-10,api_football,Swedish Allsvenskan,True,7,10.0
2026-10-10,api_football,Norwegian Eliteserien,True,7,10.0
2026-10-10,api_football,2. Division - Group 1,False,5,8.8
2026-10-10,api_football,2. Division - Group 2,False,5,8.0
2026-10-10,api_football,3. Division - Girone 1,False,3,9.0
2026-10-10,api_football,3. Division - Girone 2,False,2,8.5
2026-10-10,api_football,3. Division - Girone 5,False,1,9.0
2026-10-10,api_football,3. Division - Girone 6,False,1,9.0
2026-10-10,api_football,Sweden - Superettan,True,7,10.0
2026-10-10,api_football,Primera Nacional,False,16,9.4
2026-10-10,api_football,Primera B Metropolitana,False,9,8.1
2026-10-10,api_football,Ettan - Södra,False,8,9.5
2026-10-10,api_football,Ettan - Norra,False,6,8.7
2026-10-10,api_football,Primera División,False,41,9.3
2026-10-10,api_football,Faroe Islands Premier League,True,4,8.2
2026-10-10,api_football,Faroe Islands - 1. Deild,True,1,8.0
2026-10-10,api_football,K League 1,False,3,10.0
2026-10-10,api_football,Georgia - Erovnuli Liga 2,True,3,6.0
2026-10-10,api_football,Georgian Erovnuli Liga,True,5,7.2
2026-10-10,api_football,K League 2,False,5,10.0
2026-10-10,api_football,Division 2 - Norra Götaland,False,5,5.2
2026-10-10,api_football,Division 2 - Norra Svealand,False,8,5.9
2026-10-10,api_football,Division 2 - Södra Götaland,False,7,4.0
2026-10-10,api_football,Division 2 - Södra Svealand,False,7,4.7
2026-10-10,api_football,Division 2 - Västra Götaland,False,6,6.5
2026-10-10,api_football,Primera B,False,7,8.7
2026-10-10,api_football,Estonian Meistriliiga,True,5,8.8
2026-10-10,api_football,Latvian Higher League,True,5,7.2
2026-10-10,api_football,Super League,False,10,8.8
2026-10-10,api_football,Canadian Premier League,False,2,9.0
2026-10-10,api_football,Estonia - Esiliiga A,True,2,8.0
2026-10-10,api_football,K3 League,False,6,6.2
2026-10-10,api_football,Esiliiga B,False,4,5.5
2026-10-10,api_football,Belarus Vyscha Liga,True,9,4.1
2026-10-10,api_football,Kazakhstan Premier League,True,8,7.1
2026-10-10,api_football,League One,False,21,9.3
2026-10-10,api_football,Latvia - 1. Liga,True,5,6.8
2026-10-10,api_football,Belarus - 1. Division,True,2,3.0
2026-10-10,api_football,Second League - Group 1,False,3,3.0
2026-10-10,api_football,Second League - Group 2,False,5,2.2
2026-10-10,api_football,Second League - Group 3,False,4,2.5
2026-10-10,api_football,Football League - Highland League,False,3,4.7
2026-10-10,api_football,Lithuanian TOPLYGA,True,1,10.0
2026-10-10,api_football,Croatian First Football League,True,4,10.0
2026-10-10,api_football,Primera A,False,6,9.3
2026-10-10,api_football,Italian Serie A,True,10,10.0
2026-10-10,api_football,Liga MX,False,9,10.0
2026-10-10,api_football,Bulgarian First League,True,8,9.0
2026-10-10,api_football,Denmark - 1. Division,True,4,9.8
2026-10-10,api_football,Macedonian First League,True,3,8.7
2026-10-10,api_football,Slovak First Football League,True,6,10.0
2026-10-10,api_football,Dutch Eredivisie,True,8,10.0
2026-10-10,api_football,France - Ligue 2,True,4,10.0
2026-10-10,api_football,French Ligue 1,True,7,10.0
2026-10-10,api_football,Polish Ekstraklasa,True,8,10.0
2026-10-10,api_football,Serbian Super Liga,True,7,9.3
2026-10-10,api_football,Serbia - Prva Liga,True,6,3.3
2026-10-10,api_football,Swiss Super League,True,6,10.0
2026-10-10,api_football,Israeli Premier League,True,7,8.9
2026-10-10,api_football,J3 League,False,8,9.2
2026-10-10,api_football,J1 League,False,8,9.9
2026-10-10,api_football,Lithuania - 1 Lyga,True,4,9.0
2026-10-10,api_football,Scottish Premiership,True,6,10.0
2026-10-10,api_football,Scotland - Championship,True,5,10.0
2026-10-10,api_football,USL Super League,False,1,6.0
2026-10-10,api_football,English Premier League,True,10,10.0
2026-10-10,api_football,League Two,False,26,9.0
2026-10-10,api_football,Slovenian 1. SNL,True,5,10.0
2026-10-10,api_football,Poland - I Liga,True,8,9.9
2026-10-10,api_football,Montenegrin First League,True,1,9.0
2026-10-10,api_football,Belgian Pro League,True,8,10.0
2026-10-10,api_football,Slovenia - 2. SNL,True,6,6.2
2026-10-10,api_football,Belgium - Challenger Pro League,True,5,9.8
2026-10-10,api_football,Liga Nacional,False,9,7.1
2026-10-10,api_football,Czech Republic - FNL,True,4,9.5
2026-10-10,api_football,Czech First League,True,7,10.0
2026-10-10,api_football,Hungarian NB I,True,6,9.0
2026-10-10,api_football,Slovakia - 2. liga,True,8,8.8
2026-10-10,api_football,Russian Football Premier League,True,7,5.0
2026-10-10,api_football,II Liga - East,False,7,8.9
2026-10-10,api_football,Austrian Bundesliga,True,6,9.8
2026-10-10,api_football,Northern Irish Premiership,True,5,10.0
2026-10-10,api_football,3. liga - CFL A,False,7,7.4
2026-10-10,api_football,3. liga - CFL B,False,8,7.0
2026-10-10,api_football,England - Championship,True,9,10.0
2026-10-10,api_football,Northern Ireland - Championship,True,7,7.1
2026-10-10,api_football,Romanian Liga I,True,6,10.0
2026-10-10,api_football,Ukrainian Premier League,True,7,8.0
2026-10-10,api_football,3. liga - East,False,1,8.0
2026-10-10,api_football,3. liga - West,False,1,8.0
2026-10-10,api_football,Oberliga - Bayern Süd,False,1,1.0
2026-10-10,api_football,Austria - 2. Liga,True,4,9.8
2026-10-10,api_football,III Liga - Group 4,False,4,6.8
2026-10-10,api_football,III Liga - Group 3,False,8,7.0
2026-10-10,api_football,III Liga - Group 2,False,6,7.0
2026-10-10,api_football,III Liga - Group 1,False,3,7.0
2026-10-10,api_football,K4 League,False,5,4.0
2026-10-10,api_football,Spain - Segunda División,True,11,10.0
2026-10-10,api_football,Spanish La Liga,True,10,10.0
2026-10-10,api_football,Primera División RFEF - Group 1,False,10,8.6
2026-10-10,api_football,Primera División RFEF - Group 2,False,9,8.8
2026-10-10,api_football,Bulgaria - Second League,True,4,8.5
2026-10-10,api_football,Hungary - NB II,True,8,8.4
2026-10-10,api_football,Segunda División RFEF - Group 1,False,9,8.6
2026-10-10,api_football,Segunda División RFEF - Group 2,False,8,8.6
2026-10-10,api_football,Segunda División RFEF - Group 3,False,9,8.7
2026-10-10,api_football,Segunda División RFEF - Group 4,False,8,8.5
2026-10-10,api_football,Segunda División RFEF - Group 5,False,7,7.0
2026-10-10,api_football,Regionalliga - West,False,7,5.6
2026-10-10,api_football,Regionalliga - Ost,False,3,6.7
2026-10-10,api_football,1. Liga Promotion,False,2,8.0
2026-10-10,api_football,German Bundesliga,True,8,4.8
2026-10-10,api_football,Portuguese Primeira Liga,True,7,10.0
2026-10-10,api_football,2. Division,False,8,5.2
2026-10-10,api_football,Welsh Cymru Premier,True,2,9.5
2026-10-10,api_football,Germany - 2. Bundesliga,True,9,8.3
2026-10-10,api_football,Portugal - Segunda Liga,True,8,7.6
2026-10-10,api_football,Russia - First League,True,7,4.3
2026-10-10,api_football,3. Division,False,5,8.8
2026-10-10,api_football,3. liga - MSFL,False,8,6.2
2026-10-10,api_football,4. liga - Divizie D,False,1,8.0
2026-10-10,api_football,4. liga - Divizie E,False,1,7.0
2026-10-10,api_football,4. liga - Divizie F,False,1,7.0
2026-10-10,api_football,Tweede Divisie,False,9,8.1
2026-10-10,api_football,First Amateur Division,False,13,4.9
2026-10-10,api_football,Wales - FAW Championship,True,9,3.4
2026-10-10,api_football,Liga de Expansión MX,False,4,10.0
2026-10-10,api_football,Armenian Premier League,True,4,9.0
2026-10-10,api_football,Ukraine - Persha Liga,True,5,4.6
2026-10-10,api_football,Maltese Premier League,True,5,7.2
2026-10-10,api_football,Bosnian Premier Liga,True,4,8.5
2026-10-10,api_football,Liga Panameña de Fútbol,False,3,8.0
2026-10-10,api_football,Second League A - Division A Gold,False,5,3.0
2026-10-10,api_football,Second League A - Division A Silver,False,3,3.0
2026-10-10,api_football,3. Liga,False,11,10.0
2026-10-10,api_football,Turkish Super Lig,True,8,8.2
2026-10-10,api_football,National League,False,12,9.7
2026-10-10,api_football,Turkey - 1. Lig,True,6,8.8
2026-10-10,api_football,Regionalliga - Bayern,False,6,4.3
2026-10-10,api_football,Regionalliga - SudWest,False,5,4.0
2026-10-10,api_football,National League - North,False,14,9.0
2026-10-10,api_football,National League - South,False,6,9.0
2026-10-10,api_football,Croatia - First NL,True,4,7.2
2026-10-10,api_football,2. Lig,False,10,5.9
2026-10-10,api_football,Júniores U19,False,8,4.0
2026-10-10,api_football,Liga MX U21,False,5,7.8
2026-10-10,api_football,Greek Super League 1,True,8,9.1
2026-10-10,api_football,NB III - Northeast,False,1,6.0
2026-10-10,api_football,NB III - Northwest,False,2,5.0
2026-10-10,api_football,NB III - Southeast,False,1,8.0
2026-10-10,api_football,Second NL,False,4,7.0
2026-10-10,api_football,U19 Bundesliga,False,7,1.0
2026-10-10,api_football,Non League Premier - Isthmian,False,11,7.0
2026-10-10,api_football,Non League Premier - Northern,False,11,7.9
2026-10-10,api_football,Non League Premier - Southern Central,False,10,8.0
2026-10-10,api_football,Non League Premier - Southern South,False,10,8.0
2026-10-10,api_football,Liga 3,False,7,7.1
2026-10-10,api_football,Stars League,False,2,9.0
2026-10-10,api_football,Copa Santa Catarina,False,1,7.0
2026-10-10,api_football,Thai League 1,False,11,7.4
2026-10-10,api_football,Central Youth League,False,2,7.5
2026-10-10,api_football,Primera Division,False,12,7.6
2026-10-10,api_football,Segunda División,False,12,8.3
2026-10-10,api_football,Ligi kuu Bara,False,1,5.0
2026-10-10,api_football,Division 2 - Norrland,False,6,2.7
2026-10-10,api_football,Liga de Ascenso,False,3,7.7
2026-10-10,api_football,Italy - Serie B,True,8,10.0
2026-10-10,api_football,Azerbaijani Premier League,True,3,9.0
2026-10-10,api_football,Brasiliense B,False,1,5.0
2026-10-10,api_football,Premier League,False,16,8.5
2026-10-10,api_football,Romania - Liga II,True,9,8.6
2026-10-10,api_football,Thai League 2,False,7,7.7
2026-10-10,api_football,Pro League,False,8,8.6
2026-10-10,api_football,Cypriot First Division,True,7,6.9
2026-10-10,api_football,Friendlies Women,False,9,5.9
2026-10-10,api_football,Campeonato de Portugal Prio - Group B,False,2,6.0
2026-10-10,api_football,J2 League,False,11,9.9
2026-10-10,api_football,Ligue 1,False,6,6.7
2026-10-10,api_football,Serie C - Girone A,False,9,9.0
2026-10-10,api_football,Cyprus - 2. Division,True,5,5.0
2026-10-10,api_football,Bosnia - 1st League - RS,True,2,5.0
2026-10-10,api_football,Bosnia - 1st League - FBiH,True,3,4.0
2026-10-10,api_football,Tercera División RFEF - Group 18,False,2,6.0
2026-10-10,api_football,Derde Divisie,False,3,7.0
2026-10-10,api_football,Premier League 2 Division One,False,1,8.0
2026-10-10,api_football,Liga 1,False,6,10.0
2026-10-10,api_football,Andorran 1a Divisió,True,3,6.3
2026-10-10,api_football,Campionato Primavera - 2,False,10,6.4
2026-10-10,api_football,Premier League Cup,False,1,8.0
2026-10-10,api_football,Girabola,False,1,5.0
2026-10-10,api_football,1st Division,False,2,8.0
2026-10-10,api_football,Iraqi League,False,2,5.5
2026-10-10,api_football,Albania - 1st Division,True,1,5.0
2026-10-10,api_football,NPFL,False,2,5.5
2026-10-10,api_football,FKF Premier League,False,4,6.5
2026-10-10,api_football,U19 league,False,3,8.3
2026-10-10,api_football,Malta - Challenge League,True,8,6.1
2026-10-10,api_football,Moldovan National Division,True,3,6.3
2026-10-10,api_football,Division Profesional - Clausura,False,6,8.5
2026-10-10,api_football,V.League 1,False,5,8.2
2026-10-10,api_football,Liga Mayor,False,2,1.0
2026-10-10,api_football,V.League 2,False,2,1.5
2026-10-10,api_football,Kakkonen - Lohko A,False,2,8.0
2026-10-10,api_football,Kakkonen - Lohko B,False,2,8.0
2026-10-10,api_football,Kakkonen - Lohko C,False,2,8.0
2026-10-10,api_football,Primera Premier,False,5,5.8
2026-10-10,api_football,Liga Pro Serie B,False,1,7.0
2026-10-10,api_football,Greece - Super League 2,True,8,6.5
2026-10-10,api_football,8 Cup,False,1,6.0
2026-10-10,api_football,Liga 2,False,3,6.3
2026-10-10,api_football,Serie C,False,4,8.8
2026-10-10,api_football,Finnish Veikkausliiga,True,5,9.4
2026-10-10,api_football,Finland - Ykkönen,True,5,8.8
2026-10-10,api_football,FAI Cup,False,1,8.0
2026-10-10,api_football,Icelandic Besta deild karla,True,6,9.5
2026-10-10,api_football,National League - National,False,1,8.0
2026-10-10,api_football,Persian Gulf Pro League,False,1,2.0
2026-10-10,api_football,Liga Pro,False,6,9.8
2026-10-10,api_football,Australia Cup,False,1,9.0
2026-10-10,api_football,San-Marino Campionato,True,4,5.8
2026-10-10,api_football,Torneo Federal A,False,9,6.8
2026-10-10,api_football,Paulista - U20,False,2,7.0
2026-10-10,api_football,Botola Pro,False,4,8.5
2026-10-10,api_football,Ligue 2,False,3,5.0
2026-10-10,api_football,Division Intermedia,False,5,7.2
2026-10-10,api_football,Cup,False,1,5.0
2026-10-10,api_football,Kakkonen - Play-offs,False,2,6.0
2026-10-10,api_football,Norway - 1. Division,True,8,10.0
2026-10-10,api_football,Ykkösliiga,False,1,8.0
2026-10-10,api_football,Serie B,False,6,9.8
2026-10-10,api_football,Danish Superliga,True,4,10.0
2026-10-10,api_football,4. liga - Divizie C,False,2,1.0
2026-10-10,api_football,Second Amateur Division - VFV B,False,1,4.0
2026-10-10,api_football,Oberliga - Baden-Württemberg,False,1,1.0
2026-10-10,api_football,Second Amateur Division - ACFF,False,1,4.0
2026-10-10,api_football,Regionalliga - Nord,False,3,1.0
2026-10-10,api_football,Albanian Superliga,True,1,6.0
2026-10-10,api_football,Oberliga - Niederrhein,False,1,1.0
2026-10-10,api_football,Serie C - Girone B,False,6,8.8
2026-10-10,api_football,Serie C - Girone C,False,6,8.7
2026-10-10,api_football,Oberliga - Mittelrhein,False,1,1.0
2026-10-10,api_football,Serie D - Girone A,False,7,3.3
2026-10-10,api_football,Second League - Group 4,False,4,2.0
2026-10-10,api_football,Kosovan Superleague,True,1,6.0
2026-10-10,api_football,Indian Super League,False,3,8.3
2026-10-10,api_football,Irish Premier Division,True,1,7.0
2026-10-10,api_football,Primera C,False,6,6.8
2026-10-10,api_football,Israel - Liga Leumit,True,1,7.0
2026-10-10,api_football,AFC Champions League Elite,False,6,6.7
2026-10-10,odds_api,Austrian Bundesliga,True,12,13.6
2026-10-10,odds_api,Belgian Pro League,True,8,18.9
2026-10-10,odds_api,Danish Superliga,True,6,18.3
2026-10-10,odds_api,English Premier League,True,20,19.5
2026-10-10,odds_api,Finnish Veikkausliiga,True,8,10.6
2026-10-10,odds_api,French Ligue 1,True,17,17.4
2026-10-10,odds_api,German Bundesliga,True,17,17.9
2026-10-10,odds_api,Greek Super League 1,True,14,12.7
2026-10-10,odds_api,Irish Premier Division,True,7,9.6
2026-10-10,odds_api,Italian Serie A,True,20,18.6
2026-10-10,odds_api,Dutch Eredivisie,True,17,16.2
2026-10-10,odds_api,Norwegian Eliteserien,True,7,19.0
2026-10-10,odds_api,Polish Ekstraklasa,True,10,15.8
2026-10-10,odds_api,Portuguese Primeira Liga,True,7,17.9
2026-10-10,odds_api,Russian Football Premier League,True,6,3.8
2026-10-10,odds_api,Scottish Premiership,True,6,16.0
2026-10-10,odds_api,Spanish La Liga,True,19,16.1
2026-10-10,odds_api,Swedish Allsvenskan,True,8,18.1
2026-10-10,odds_api,Swiss Super League,True,6,19.3
2026-10-10,odds_api,Turkish Super Lig,True,10,16.1
2026-10-10,odds_api,England - Championship,True,24,14.0
2026-10-10,odds_api,France - Ligue 2,True,7,15.0
2026-10-10,odds_api,Germany - 2. Bundesliga,True,10,16.1
2026-10-10,odds_api,Italy - Serie B,True,10,18.0
2026-10-10,odds_api,Spain - Segunda División,True,12,17.6
2026-10-10,odds_api,Sweden - Superettan,True,9,13.0
