snapshot_date,fixture_date,odds_updated_at,fixture_id,country,league_id,league_name,bookmaker_count,has_match_winner
2026-10-01,2026-10-01T18:15:00+00:00,2026-10-01T08:00:16+00:00,1350181,World,850,UEFA U21 Championship - Qualification,5,True
2026-10-01,2026-10-01T17:00:00+00:00,2026-10-01T08:00:16+00:00,1350184,World,850,UEFA U21 Championship - Qualification,8,True
2026-10-01,2026-10-01T16:30:00+00:00,2026-10-01T08:00:16+00:00,1350185,World,850,UEFA U21 Championship - Qualification,8,True
2026-10-01,2026-10-01T16:00:00+00:00,2026-10-01T08:00:16+00:00,1350186,World,850,UEFA U21 Championship - Qualification,8,True
2026-10-01,2026-10-01T18:45:00+00:00,2026-10-01T08:00:16+00:00,1350187,World,850,UEFA U21 Championship - Qualification,8,True
2026-10-01,2026-10-01T15:00:00+00:00,2026-10-01T08:00:16+00:00,1350188,World,850,UEFA U21 Championship - Qualification,8,True
2026-10-01,2026-10-01T00:00:00+00:00,2026-10-01T00:00:25+00:00,1493717,USA,255,USL Championship,7,True
2026-10-01,2026-10-01T02:00:00+00:00,2026-10-01T00:02:14+00:00,1493720,USA,255,USL Championship,9,True
2026-10-01,2026-10-01T23:30:00+00:00,2026-10-01T08:09:14+00:00,1520900,Brazil,72,Serie B,9,True
2026-10-01,2026-10-01T16:00:00+00:00,2026-10-01T08:11:22+00:00,1528916,World,5,UEFA Nations League,9,True
2026-10-01,2026-10-01T18:45:00+00:00,2026-10-01T08:11:22+00:00,1528917,World,5,UEFA Nations League,9,True
2026-10-01,2026-10-01T18:45:00+00:00,2026-10-01T08:11:22+00:00,1528918,World,5,UEFA Nations League,9,True
2026-10-01,2026-10-01T18:45:00+00:00,2026-10-01T08:11:22+00:00,1528919,World,5,UEFA Nations League,9,True
2026-10-01,2026-10-01T18:45:00+00:00,2026-10-01T08:11:22+00:00,1528920,World,5,UEFA Nations League,9,True
2026-10-01,2026-10-01T18:45:00+00:00,2026-10-01T08:11:22+00:00,1528921,World,5,UEFA Nations League,9,True
2026-10-01,2026-10-01T18:45:00+00:00,2026-10-01T08:11:22+00:00,1528922,World,5,UEFA Nations League,9,True
2026-10-01,2026-10-01T18:45:00+00:00,2026-10-01T08:11:22+00:00,1545607,World,5,UEFA Nations League,9,True
2026-10-01,2026-10-01T16:00:00+00:00,2026-10-01T08:12:14+00:00,1545851,World,36,Africa Cup of Nations - Qualification,9,True
2026-10-01,2026-10-01T20:30:00+00:00,2026-10-01T08:08:19+00:00,1549614,Colombia,240,Primera B,9,True
2026-10-01,2026-10-01T01:00:00+00:00,2026-10-01T00:04:15+00:00,1549703,Colombia,239,Primera A,9,True
2026-10-01,2026-10-01T16:00:00+00:00,2026-10-01T06:00:13+00:00,1555163,Israel,382,Liga Leumit,8,True
2026-10-01,2026-10-01T16:00:00+00:00,2026-10-01T06:00:13+00:00,1555164,Israel,382,Liga Leumit,8,True
2026-10-01,2026-10-01T16:00:00+00:00,2026-10-01T06:00:13+00:00,1555165,Israel,382,Liga Leumit,8,True
2026-10-01,2026-10-01T16:00:00+00:00,2026-10-01T06:00:13+00:00,1555166,Israel,382,Liga Leumit,8,True
2026-10-01,2026-10-01T16:00:00+00:00,2026-10-01T06:00:13+00:00,1555167,Israel,382,Liga Leumit,8,True
2026-10-01,2026-10-01T16:00:00+00:00,2026-10-01T06:00:13+00:00,1555168,Israel,382,Liga Leumit,8,True
2026-10-01,2026-10-01T16:00:00+00:00,2026-10-01T06:00:13+00:00,1555169,Israel,382,Liga Leumit,8,True
2026-10-01,2026-10-01T16:00:00+00:00,2026-10-01T06:00:13+00:00,1555170,Israel,382,Liga Leumit,8,True
2026-10-01,2026-10-01T16:00:00+00:00,2026-10-01T08:17:13+00:00,1568189,Poland,783,III Liga - Group 4,7,True
2026-10-01,2026-10-01T18:45:00+00:00,2026-10-01T08:18:14+00:00,1574751,France,63,Ligue 3,9,True
2026-10-01,2026-10-01T12:30:00+00:00,2026-10-01T08:19:15+00:00,1594850,Egypt,887,Second League,8,True
2026-10-01,2026-10-01T12:30:00+00:00,2026-10-01T08:19:15+00:00,1594851,Egypt,887,Second League,7,True
2026-10-01,2026-10-01T12:30:00+00:00,2026-10-01T08:19:15+00:00,1594852,Egypt,887,Second League,8,True
2026-10-01,2026-10-01T12:30:00+00:00,2026-10-01T08:19:15+00:00,1594853,Egypt,887,Second League,8,True
2026-10-01,2026-10-01T12:30:00+00:00,2026-10-01T08:19:15+00:00,1594854,Egypt,887,Second League,8,True
2026-10-01,2026-10-01T01:00:00+00:00,2026-10-01T00:00:25+00:00,1600614,El-Salvador,370,Primera Division,9,True
2026-10-01,2026-10-01T02:00:00+00:00,2026-10-01T00:19:13+00:00,1600615,El-Salvador,370,Primera Division,7,True
2026-10-01,2026-10-01T21:30:00+00:00,2026-10-01T08:20:18+00:00,1600616,El-Salvador,370,Primera Division,8,True
2026-10-01,2026-10-01T19:00:00+00:00,2026-10-01T08:21:12+00:00,1601401,Costa-Rica,163,Liga de Ascenso,6,True
2026-10-01,2026-10-01T16:00:00+00:00,2026-10-01T08:22:13+00:00,1602139,Ghana,570,Premier League,7,True
2026-10-01,2026-10-01T18:00:00+00:00,2026-10-01T08:03:15+00:00,1612057,Argentina,906,Reserve League,7,True
2026-10-01,2026-10-01T18:00:00+00:00,2026-10-01T08:03:15+00:00,1612061,Argentina,906,Reserve League,7,True
2026-10-01,2026-10-01T22:00:00+00:00,2026-10-01T08:03:15+00:00,1612066,Argentina,906,Reserve League,6,True
2026-10-01,2026-10-01T20:00:00+00:00,2026-10-01T08:03:15+00:00,1612070,Argentina,906,Reserve League,5,True
2026-10-01,2026-10-01T18:45:00+00:00,2026-10-01T08:03:15+00:00,1612072,Argentina,906,Reserve League,7,True
2026-10-01,2026-10-01T00:30:00+00:00,2026-10-01T00:26:13+00:00,1619697,Bolivia,964,Copa de la División Profesional,8,True
2026-10-01,2026-10-01T22:30:00+00:00,2026-10-01T08:27:15+00:00,1619698,Bolivia,964,Copa de la División Profesional,8,True
2026-10-01,2026-10-01T16:30:00+00:00,2026-10-01T08:28:14+00:00,1621349,Israel,496,Liga Alef,8,True
2026-10-01,2026-10-01T16:00:00+00:00,2026-10-01T08:28:14+00:00,1621622,Israel,496,Liga Alef,8,True
2026-10-01,2026-10-01T16:30:00+00:00,2026-10-01T08:28:14+00:00,1621623,Israel,496,Liga Alef,8,True
2026-10-01,2026-10-01T13:30:00+00:00,2026-10-01T08:28:14+00:00,1621895,Israel,496,Liga Alef,8,True
2026-10-01,2026-10-01T15:30:00+00:00,2026-10-01T08:28:14+00:00,1628900,Israel,496,Liga Alef,8,True
2026-10-01,2026-10-01T22:00:00+00:00,2026-10-01T08:13:17+00:00,1632245,Brazil,1112,Cearense U20,3,True
2026-10-01,2026-10-01T20:00:00+00:00,2026-10-01T08:14:12+00:00,1635842,Peru,1232,Copa De La Liga,8,True
2026-10-01,2026-10-01T13:30:00+00:00,2026-10-01T08:31:16+00:00,1636199,Oman,1197,FA Cup,8,True
2026-10-01,2026-10-01T14:25:00+00:00,2026-10-01T08:31:16+00:00,1636200,Oman,1197,FA Cup,8,True
2026-10-01,2026-10-01T14:25:00+00:00,2026-10-01T08:31:16+00:00,1636201,Oman,1197,FA Cup,8,True
2026-10-01,2026-10-01T13:15:00+00:00,2026-10-01T08:32:13+00:00,1636369,United-Arab-Emirates,302,League Cup,8,True
2026-10-01,2026-10-01T13:15:00+00:00,2026-10-01T08:32:13+00:00,1636370,United-Arab-Emirates,302,League Cup,8,True
2026-10-01,2026-10-01T15:45:00+00:00,2026-10-01T08:32:13+00:00,1636371,United-Arab-Emirates,302,League Cup,8,True
2026-10-01,2026-10-01T20:30:00+00:00,2026-10-01T08:10:17+00:00,1636701,Ecuador,243,Liga Pro Serie B,7,True
2026-10-01,2026-10-01T08:00:00+00:00,2026-10-01T06:00:13+00:00,1637962,Hong-Kong,1199,League Cup,7,True
2026-10-01,2026-10-01T11:00:00+00:00,2026-10-01T08:34:13+00:00,1637963,Hong-Kong,1199,League Cup,8,True
2026-10-01,2026-10-01T16:00:00+00:00,2026-10-01T08:30:16+00:00,1638129,Norway,105,NM Cupen,8,True
2026-10-01,2026-10-01T16:00:00+00:00,2026-10-01T08:30:16+00:00,1638130,Norway,105,NM Cupen,8,True
2026-10-01,2026-10-01T16:45:00+00:00,2026-10-01T08:16:19+00:00,1638293,World,525,UEFA Champions League Women,9,True
2026-10-01,2026-10-01T19:00:00+00:00,2026-10-01T08:16:19+00:00,1638321,World,525,UEFA Champions League Women,9,True
2026-10-01,2026-10-01T19:00:00+00:00,2026-10-01T08:16:19+00:00,1638330,World,525,UEFA Champions League Women,9,True
2026-10-01,2026-10-01T15:00:00+00:00,2026-10-01T08:35:15+00:00,1639145,Qatar,677,QSL Cup,1,True
2026-10-01,2026-10-01T17:15:00+00:00,2026-10-01T08:35:15+00:00,1639146,Qatar,677,QSL Cup,8,True
2026-10-01,2026-10-01T17:15:00+00:00,2026-10-01T08:35:15+00:00,1639147,Qatar,677,QSL Cup,8,True
2026-10-01,2026-10-01T22:00:00+00:00,2026-10-01T08:25:18+00:00,1639172,Paraguay,501,Copa Paraguay,7,True
2026-10-01,2026-10-01T19:00:00+00:00,2026-10-01T08:37:19+00:00,1639967,World,536,CONCACAF Nations League,8,True
2026-10-01,2026-10-01T20:00:00+00:00,2026-10-01T08:37:19+00:00,1639968,World,536,CONCACAF Nations League,8,True
2026-10-01,2026-10-01T21:00:00+00:00,2026-10-01T08:37:19+00:00,1639969,World,536,CONCACAF Nations League,9,True
2026-10-01,2026-10-01T22:00:00+00:00,2026-10-01T08:37:19+00:00,1639970,World,536,CONCACAF Nations League,9,True
2026-10-01,2026-10-01T15:30:00+00:00,2026-10-01T08:06:15+00:00,1640047,World,667,Friendlies Clubs,8,True
2026-10-01,2026-10-01T09:30:00+00:00,2026-10-01T08:05:17+00:00,1640072,World,10,Friendlies,7,True
2026-10-01,2026-10-01T14:00:00+00:00,2026-10-01T08:05:17+00:00,1640073,World,10,Friendlies,9,True
2026-10-01,2026-10-01T05:00:00+00:00,2026-10-01T04:37:14+00:00,1640419,Mongolia,764,Premier League,6,True
2026-10-01,2026-10-01T00:00:00+00:00,2026-10-01T00:00:25+00:00,1640511,World,10,Friendlies,9,True
2026-10-01,2026-10-01T14:00:00+00:00,2026-10-01T08:05:17+00:00,1640512,World,10,Friendlies,8,True
2026-10-01,2026-10-01T11:30:00+00:00,2026-10-01T08:38:15+00:00,1641714,World,1247,FIFA Asean Cup,8,True
2026-10-01,2026-10-01T11:30:00+00:00,2026-10-01T08:38:15+00:00,1641715,World,1247,FIFA Asean Cup,8,True
2026-10-01,2026-10-01T22:00:00+00:00,2026-10-01T08:29:12+00:00,1642013,Brazil,1203,Piauiense - 2,4,True
2026-10-01,2026-10-01T11:00:00+00:00,2026-10-01T08:01:13+00:00,1642330,Kenya,276,FKF Premier League,7,True
2026-10-01,2026-10-01T12:00:00+00:00,2026-10-01T08:06:15+00:00,1642897,World,667,Friendlies Clubs,8,True
2026-10-01,2026-10-01T18:00:00+00:00,2026-10-01T08:06:15+00:00,1642899,World,667,Friendlies Clubs,7,True
2026-10-01,2026-10-01T09:30:00+00:00,2026-10-01T08:05:17+00:00,1642983,World,10,Friendlies,7,True
2026-10-01,2026-10-01T10:45:00+00:00,2026-10-01T08:05:17+00:00,1642984,World,10,Friendlies,8,True
2026-10-01,2026-10-01T14:00:00+00:00,2026-10-01T08:05:17+00:00,1642985,World,10,Friendlies,7,True
2026-10-01,2026-10-01T16:00:00+00:00,2026-10-01T08:05:17+00:00,1642987,World,10,Friendlies,8,True
2026-10-01,2026-10-01T13:30:00+00:00,2026-10-01T08:05:17+00:00,1643193,World,10,Friendlies,8,True
2026-10-01,2026-10-01T01:00:00+00:00,2026-10-01T00:06:13+00:00,1643204,World,667,Friendlies Clubs,8,True
2026-10-01,2026-10-01T10:00:00+00:00,2026-10-01T08:06:15+00:00,1643205,World,667,Friendlies Clubs,8,True
2026-10-01,2026-10-01T14:00:00+00:00,2026-10-01T08:06:15+00:00,1643207,World,667,Friendlies Clubs,8,True
2026-10-01,2026-10-02T17:30:00+00:00,2026-10-01T08:15:24+00:00,1350189,World,850,UEFA U21 Championship - Qualification,6,True
2026-10-01,2026-10-02T18:45:00+00:00,2026-10-01T08:15:24+00:00,1350190,World,850,UEFA U21 Championship - Qualification,7,True
2026-10-01,2026-10-02T16:00:00+00:00,2026-10-01T08:15:24+00:00,1350191,World,850,UEFA U21 Championship - Qualification,6,True
2026-10-01,2026-10-02T16:00:00+00:00,2026-10-01T08:15:24+00:00,1350192,World,850,UEFA U21 Championship - Qualification,6,True
2026-10-01,2026-10-02T16:00:00+00:00,2026-10-01T08:15:24+00:00,1350193,World,850,UEFA U21 Championship - Qualification,6,True
2026-10-01,2026-10-02T01:30:00+00:00,2026-10-01T08:15:24+00:00,1490463,USA,253,Major League Soccer,8,True
2026-10-01,2026-10-02T23:00:00+00:00,2026-10-01T08:15:24+00:00,1492318,Brazil,71,Serie A,9,True
2026-10-01,2026-10-02T18:45:00+00:00,2026-10-01T08:15:24+00:00,1492777,Ireland,357,Premier Division,9,True
2026-10-01,2026-10-02T18:45:00+00:00,2026-10-01T08:15:24+00:00,1492985,Ireland,358,First Division,8,True
2026-10-01,2026-10-02T18:45:00+00:00,2026-10-01T08:15:24+00:00,1492986,Ireland,358,First Division,8,True
2026-10-01,2026-10-02T18:45:00+00:00,2026-10-01T08:15:24+00:00,1492987,Ireland,358,First Division,8,True
2026-10-01,2026-10-02T18:45:00+00:00,2026-10-01T08:15:24+00:00,1492988,Ireland,358,First Division,8,True
2026-10-01,2026-10-02T18:45:00+00:00,2026-10-01T08:15:24+00:00,1492989,Ireland,358,First Division,8,True
2026-10-01,2026-10-02T22:15:00+00:00,2026-10-01T08:15:24+00:00,1493161,Argentina,128,Liga Profesional Argentina,9,True
2026-10-01,2026-10-02T17:00:00+00:00,2026-10-01T08:15:24+00:00,1495963,Norway,104,1. Division,9,True
2026-10-01,2026-10-02T22:00:00+00:00,2026-10-01T08:15:24+00:00,1498856,Argentina,129,Primera Nacional,7,True
2026-10-01,2026-10-02T17:00:00+00:00,2026-10-01T08:15:24+00:00,1501495,Sweden,736,Elitettan,1,True
2026-10-01,2026-10-02T17:00:00+00:00,2026-10-01T08:15:24+00:00,1504566,Sweden,564,Ettan - Södra,7,True
2026-10-01,2026-10-02T17:00:00+00:00,2026-10-01T08:15:24+00:00,1504567,Sweden,564,Ettan - Södra,7,True
2026-10-01,2026-10-02T17:00:00+00:00,2026-10-01T08:15:24+00:00,1505285,Sweden,563,Ettan - Norra,7,True
2026-10-01,2026-10-02T23:00:00+00:00,2026-10-01T08:15:24+00:00,1505529,Chile,265,Primera División,9,True
2026-10-01,2026-10-02T17:00:00+00:00,2026-10-01T08:15:24+00:00,1510872,Sweden,593,Division 2 - Norra Svealand,3,True
2026-10-01,2026-10-02T17:00:00+00:00,2026-10-01T08:15:24+00:00,1511030,Sweden,597,Division 2 - Södra Götaland,3,True
2026-10-01,2026-10-02T17:00:00+00:00,2026-10-01T08:15:24+00:00,1511236,Sweden,595,Division 2 - Södra Svealand,3,True
2026-10-01,2026-10-02T10:00:00+00:00,2026-10-01T08:15:24+00:00,1520560,South-Korea,295,K3 League,7,True
2026-10-01,2026-10-02T23:45:00+00:00,2026-10-01T08:15:24+00:00,1520906,Brazil,72,Serie B,8,True
2026-10-01,2026-10-02T23:30:00+00:00,2026-10-01T08:15:24+00:00,1520907,Brazil,72,Serie B,8,True
2026-10-01,2026-10-02T00:00:00+00:00,2026-10-01T08:15:24+00:00,1520908,Brazil,72,Serie B,9,True
2026-10-01,2026-10-02T22:30:00+00:00,2026-10-01T08:15:24+00:00,1520909,Brazil,72,Serie B,8,True
2026-10-01,2026-10-02T14:00:00+00:00,2026-10-01T08:15:24+00:00,1528923,World,5,UEFA Nations League,8,True
2026-10-01,2026-10-02T18:45:00+00:00,2026-10-01T08:15:24+00:00,1528924,World,5,UEFA Nations League,9,True
2026-10-01,2026-10-02T18:45:00+00:00,2026-10-01T08:15:24+00:00,1528925,World,5,UEFA Nations League,9,True
2026-10-01,2026-10-02T18:45:00+00:00,2026-10-01T08:15:24+00:00,1528926,World,5,UEFA Nations League,9,True
2026-10-01,2026-10-02T18:45:00+00:00,2026-10-01T08:15:24+00:00,1528927,World,5,UEFA Nations League,9,True
2026-10-01,2026-10-02T18:45:00+00:00,2026-10-01T08:15:24+00:00,1528928,World,5,UEFA Nations League,9,True
2026-10-01,2026-10-02T18:45:00+00:00,2026-10-01T08:15:24+00:00,1528929,World,5,UEFA Nations League,9,True
2026-10-01,2026-10-02T16:00:00+00:00,2026-10-01T08:15:24+00:00,1528930,World,5,UEFA Nations League,9,True
2026-10-01,2026-10-02T18:45:00+00:00,2026-10-01T08:15:24+00:00,1528931,World,5,UEFA Nations League,8,True
2026-10-01,2026-10-02T10:00:00+00:00,2026-10-01T08:15:24+00:00,1533781,South-Korea,660,WK-League,7,True
2026-10-01,2026-10-02T10:00:00+00:00,2026-10-01T08:15:24+00:00,1533782,South-Korea,660,WK-League,2,True
2026-10-01,2026-10-02T16:00:00+00:00,2026-10-01T08:15:24+00:00,1545608,World,5,UEFA Nations League,9,True
2026-10-01,2026-10-02T22:00:00+00:00,2026-10-01T08:15:24+00:00,1549651,Colombia,240,Primera B,8,True
2026-10-01,2026-10-02T01:00:00+00:00,2026-10-01T08:15:24+00:00,1549849,Colombia,239,Primera A,9,True
2026-10-01,2026-10-02T19:00:00+00:00,2026-10-01T08:15:24+00:00,1551819,Netherlands,89,Eerste Divisie,8,True
2026-10-01,2026-10-02T10:00:00+00:00,2026-10-01T08:15:24+00:00,1555727,Japan,100,J3 League,7,True
2026-10-01,2026-10-02T16:30:00+00:00,2026-10-01T08:15:24+00:00,1556387,Lithuania,361,1 Lyga,4,True
2026-10-01,2026-10-02T14:00:00+00:00,2026-10-01T08:15:24+00:00,1556427,Lithuania,361,1 Lyga,4,True
2026-10-01,2026-10-02T16:00:00+00:00,2026-10-01T08:15:24+00:00,1562291,Czech-Republic,350,4. liga - Divizie A,2,True
2026-10-01,2026-10-02T18:45:00+00:00,2026-10-01T08:15:24+00:00,1564884,Northern-Ireland,407,Championship,4,True
2026-10-01,2026-10-02T18:30:00+00:00,2026-10-01T08:15:24+00:00,1569953,Spain,141,Segunda División,9,True
2026-10-01,2026-10-02T17:00:00+00:00,2026-10-01T08:15:24+00:00,1570771,Spain,435,Primera División RFEF - Group 1,8,True
2026-10-01,2026-10-02T19:15:00+00:00,2026-10-01T08:15:24+00:00,1571152,Spain,436,Primera División RFEF - Group 2,8,True
2026-10-01,2026-10-02T17:30:00+00:00,2026-10-01T08:15:24+00:00,1574117,Austria,221,Regionalliga - Ost,5,True
2026-10-01,2026-10-02T17:30:00+00:00,2026-10-01T08:15:24+00:00,1574118,Austria,221,Regionalliga - Ost,4,True
2026-10-01,2026-10-02T17:00:00+00:00,2026-10-01T08:15:24+00:00,1575806,Denmark,122,2. Division,8,True
2026-10-01,2026-10-02T17:00:00+00:00,2026-10-01T08:15:24+00:00,1575807,Denmark,122,2. Division,8,True
2026-10-01,2026-10-02T17:00:00+00:00,2026-10-01T08:15:24+00:00,1575808,Denmark,122,2. Division,8,True
2026-10-01,2026-10-02T16:00:00+00:00,2026-10-01T08:15:24+00:00,1577951,Czech-Republic,349,3. liga - MSFL,4,True
2026-10-01,2026-10-02T18:30:00+00:00,2026-10-01T08:15:24+00:00,1580759,Wales,111,FAW Championship,5,True
2026-10-01,2026-10-02T18:30:00+00:00,2026-10-01T08:15:24+00:00,1580760,Wales,111,FAW Championship,5,True
2026-10-01,2026-10-02T18:45:00+00:00,2026-10-01T08:15:24+00:00,1580761,Wales,111,FAW Championship,5,True
2026-10-01,2026-10-02T16:30:00+00:00,2026-10-01T08:15:24+00:00,1593143,Germany,82,Frauen Bundesliga,8,True
2026-10-01,2026-10-02T12:30:00+00:00,2026-10-01T08:19:15+00:00,1594855,Egypt,887,Second League,7,True
2026-10-01,2026-10-02T12:30:00+00:00,2026-10-01T08:19:15+00:00,1594856,Egypt,887,Second League,7,True
2026-10-01,2026-10-02T12:30:00+00:00,2026-10-01T08:19:15+00:00,1594857,Egypt,887,Second League,7,True
2026-10-01,2026-10-02T12:30:00+00:00,2026-10-01T08:19:15+00:00,1594858,Egypt,887,Second League,7,True
2026-10-01,2026-10-02T12:30:00+00:00,2026-10-01T08:19:15+00:00,1595144,Egypt,887,Second League,6,True
2026-10-01,2026-10-02T17:00:00+00:00,2026-10-01T08:15:24+00:00,1607973,Austria,1238,Regionalliga - South,4,True
2026-10-01,2026-10-02T17:00:00+00:00,2026-10-01T08:15:24+00:00,1608083,Austria,1239,Regionalliga - North,4,True
2026-10-01,2026-10-02T11:00:00+00:00,2026-10-01T08:15:24+00:00,1629003,World,10,Friendlies,8,True
2026-10-01,2026-10-02T14:00:00+00:00,2026-10-01T08:15:24+00:00,1632088,World,890,U20 Elite League,5,True
2026-10-01,2026-10-02T13:30:00+00:00,2026-10-01T08:31:16+00:00,1636202,Oman,1197,FA Cup,3,True
2026-10-01,2026-10-02T14:25:00+00:00,2026-10-01T08:31:16+00:00,1636203,Oman,1197,FA Cup,2,True
2026-10-01,2026-10-02T14:30:00+00:00,2026-10-01T08:31:16+00:00,1636204,Oman,1197,FA Cup,5,True
2026-10-01,2026-10-02T16:00:00+00:00,2026-10-01T08:15:24+00:00,1636718,Czech-Republic,347,Cup,7,True
2026-10-01,2026-10-02T00:15:00+00:00,2026-10-01T08:15:24+00:00,1637268,Argentina,130,Copa Argentina,9,True
2026-10-01,2026-10-02T11:35:00+00:00,2026-10-01T08:15:24+00:00,1637598,World,10,Friendlies,6,True
2026-10-01,2026-10-02T14:00:00+00:00,2026-10-01T08:15:24+00:00,1637605,World,10,Friendlies,4,True
2026-10-01,2026-10-02T13:30:00+00:00,2026-10-01T08:15:24+00:00,1637652,Indonesia,275,Liga 2,5,True
2026-10-01,2026-10-02T00:00:00+00:00,2026-10-01T08:37:19+00:00,1639972,World,536,CONCACAF Nations League,9,True
2026-10-01,2026-10-02T00:00:00+00:00,2026-10-01T08:37:19+00:00,1639973,World,536,CONCACAF Nations League,9,True
2026-10-01,2026-10-02T02:00:00+00:00,2026-10-01T08:37:19+00:00,1639974,World,536,CONCACAF Nations League,9,True
2026-10-01,2026-10-02T19:00:00+00:00,2026-10-01T08:37:19+00:00,1639975,World,536,CONCACAF Nations League,8,True
2026-10-01,2026-10-02T21:00:00+00:00,2026-10-01T08:37:19+00:00,1639976,World,536,CONCACAF Nations League,7,True
2026-10-01,2026-10-02T22:00:00+00:00,2026-10-01T08:37:19+00:00,1639977,World,536,CONCACAF Nations League,7,True
2026-10-01,2026-10-02T11:00:00+00:00,2026-10-01T08:15:24+00:00,1640074,World,10,Friendlies,3,True
2026-10-01,2026-10-02T09:00:00+00:00,2026-10-01T08:15:24+00:00,1640106,Bangladesh,398,Premier League,5,True
2026-10-01,2026-10-02T18:00:00+00:00,2026-10-01T08:15:24+00:00,1640787,Morocco,200,Botola Pro,6,True
2026-10-01,2026-10-02T20:00:00+00:00,2026-10-01T08:15:24+00:00,1640788,Morocco,200,Botola Pro,7,True
2026-10-01,2026-10-02T10:00:00+00:00,2026-10-01T08:15:24+00:00,1640829,World,10,Friendlies,6,True
2026-10-01,2026-10-02T08:00:00+00:00,2026-10-01T08:38:15+00:00,1641716,World,1247,FIFA Asean Cup,7,True
2026-10-01,2026-10-02T08:00:00+00:00,2026-10-01T08:38:15+00:00,1641717,World,1247,FIFA Asean Cup,7,True
2026-10-01,2026-10-02T14:00:00+00:00,2026-10-01T08:15:24+00:00,1641991,Algeria,187,Ligue 2,4,True
2026-10-01,2026-10-02T14:00:00+00:00,2026-10-01T08:15:24+00:00,1641992,Algeria,187,Ligue 2,4,True
2026-10-01,2026-10-02T14:00:00+00:00,2026-10-01T08:15:24+00:00,1641995,Algeria,187,Ligue 2,4,True
2026-10-01,2026-10-02T14:00:00+00:00,2026-10-01T08:15:24+00:00,1641997,Algeria,187,Ligue 2,4,True
2026-10-01,2026-10-02T14:00:00+00:00,2026-10-01T08:15:24+00:00,1641998,Algeria,187,Ligue 2,4,True
2026-10-01,2026-10-02T09:00:00+00:00,2026-10-01T08:15:24+00:00,1642901,World,667,Friendlies Clubs,5,True
2026-10-01,2026-10-02T09:30:00+00:00,2026-10-01T08:15:24+00:00,1642905,World,667,Friendlies Clubs,4,True
2026-10-01,2026-10-02T10:00:00+00:00,2026-10-01T08:15:24+00:00,1642908,World,667,Friendlies Clubs,4,True
2026-10-01,2026-10-02T10:00:00+00:00,2026-10-01T08:15:24+00:00,1642910,World,667,Friendlies Clubs,5,True
2026-10-01,2026-10-02T10:00:00+00:00,2026-10-01T08:15:24+00:00,1642916,World,667,Friendlies Clubs,4,True
2026-10-01,2026-10-02T13:30:00+00:00,2026-10-01T08:15:24+00:00,1642991,World,10,Friendlies,5,True
2026-10-01,2026-10-02T16:00:00+00:00,2026-10-01T08:15:24+00:00,1642995,World,10,Friendlies,2,True
2026-10-01,2026-10-02T06:00:00+00:00,2026-10-01T08:36:13+00:00,1643166,World,1245,Asian Games Women,9,True
2026-10-01,2026-10-02T10:30:00+00:00,2026-10-01T08:36:13+00:00,1643167,World,1245,Asian Games Women,6,True
2026-10-01,2026-10-02T14:00:00+00:00,2026-10-01T08:15:24+00:00,1643195,World,10,Friendlies,5,True
2026-10-01,2026-10-02T09:00:00+00:00,2026-10-01T08:15:24+00:00,1643212,World,667,Friendlies Clubs,5,True
2026-10-01,2026-10-03T21:30:00+00:00,2026-10-01T02:07:17+00:00,1492310,Brazil,71,Serie A,9,True
2026-10-01,2026-10-03T20:00:00+00:00,2026-10-01T00:30:34+00:00,1493153,Argentina,128,Liga Profesional Argentina,9,True
2026-10-01,2026-10-03T00:30:00+00:00,2026-10-01T00:30:34+00:00,1493155,Argentina,128,Liga Profesional Argentina,9,True
2026-10-01,2026-10-03T17:45:00+00:00,2026-10-01T00:30:34+00:00,1493156,Argentina,128,Liga Profesional Argentina,9,True
2026-10-01,2026-10-03T00:30:00+00:00,2026-10-01T00:30:34+00:00,1493162,Argentina,128,Liga Profesional Argentina,9,True
2026-10-01,2026-10-03T20:00:00+00:00,2026-10-01T00:30:34+00:00,1493163,Argentina,128,Liga Profesional Argentina,9,True
2026-10-01,2026-10-03T23:00:00+00:00,2026-10-01T00:30:35+00:00,1493721,USA,255,USL Championship,6,True
2026-10-01,2026-10-03T23:00:00+00:00,2026-10-01T00:30:35+00:00,1493723,USA,255,USL Championship,6,True
2026-10-01,2026-10-03T23:00:00+00:00,2026-10-01T00:30:35+00:00,1493727,USA,255,USL Championship,7,True
2026-10-01,2026-10-03T22:00:00+00:00,2026-10-01T00:30:35+00:00,1493728,USA,255,USL Championship,6,True
2026-10-01,2026-10-03T23:30:00+00:00,2026-10-01T00:30:35+00:00,1493732,USA,255,USL Championship,6,True
2026-10-01,2026-10-03T11:00:00+00:00,2026-10-01T02:12:13+00:00,1495576,Sweden,549,Damallsvenskan,1,True
2026-10-01,2026-10-03T13:00:00+00:00,2026-10-01T02:12:13+00:00,1495577,Sweden,549,Damallsvenskan,1,True
2026-10-01,2026-10-03T11:00:00+00:00,2026-10-01T02:12:13+00:00,1495578,Sweden,549,Damallsvenskan,1,True
2026-10-01,2026-10-03T14:00:00+00:00,2026-10-01T00:30:34+00:00,1495960,Norway,104,1. Division,9,True
2026-10-01,2026-10-03T14:00:00+00:00,2026-10-01T00:30:34+00:00,1495961,Norway,104,1. Division,9,True
2026-10-01,2026-10-03T12:30:00+00:00,2026-10-01T00:30:34+00:00,1495965,Norway,104,1. Division,9,True
2026-10-01,2026-10-03T14:00:00+00:00,2026-10-01T00:30:34+00:00,1495966,Norway,104,1. Division,9,True
2026-10-01,2026-10-03T18:00:00+00:00,2026-10-01T02:18:14+00:00,1498847,Argentina,129,Primera Nacional,7,True
2026-10-01,2026-10-03T18:00:00+00:00,2026-10-01T02:18:14+00:00,1498854,Argentina,129,Primera Nacional,7,True
2026-10-01,2026-10-03T18:00:00+00:00,2026-10-01T02:18:14+00:00,1498855,Argentina,129,Primera Nacional,7,True
2026-10-01,2026-10-03T18:00:00+00:00,2026-10-01T02:18:14+00:00,1498863,Argentina,129,Primera Nacional,7,True
2026-10-01,2026-10-03T18:00:00+00:00,2026-10-01T02:18:14+00:00,1498864,Argentina,129,Primera Nacional,7,True
2026-10-01,2026-10-03T18:00:00+00:00,2026-10-01T02:19:15+00:00,1499662,Argentina,131,Primera B Metropolitana,5,True
2026-10-01,2026-10-03T18:00:00+00:00,2026-10-01T02:19:15+00:00,1499664,Argentina,131,Primera B Metropolitana,5,True
2026-10-01,2026-10-03T18:00:00+00:00,2026-10-01T02:19:15+00:00,1499666,Argentina,131,Primera B Metropolitana,5,True
2026-10-01,2026-10-03T18:00:00+00:00,2026-10-01T02:19:15+00:00,1499668,Argentina,131,Primera B Metropolitana,5,True
2026-10-01,2026-10-03T18:00:00+00:00,2026-10-01T02:19:15+00:00,1499671,Argentina,131,Primera B Metropolitana,5,True
2026-10-01,2026-10-03T12:00:00+00:00,2026-10-01T02:21:13+00:00,1501497,Sweden,736,Elitettan,1,True
2026-10-01,2026-10-03T12:00:00+00:00,2026-10-01T02:21:13+00:00,1503715,Sweden,736,Elitettan,1,True
2026-10-01,2026-10-03T11:00:00+00:00,2026-10-01T02:26:15+00:00,1504563,Sweden,564,Ettan - Södra,5,True
2026-10-01,2026-10-03T14:00:00+00:00,2026-10-01T02:26:15+00:00,1504564,Sweden,564,Ettan - Södra,5,True
2026-10-01,2026-10-03T14:00:00+00:00,2026-10-01T02:26:15+00:00,1504565,Sweden,564,Ettan - Södra,5,True
2026-10-01,2026-10-03T14:00:00+00:00,2026-10-01T02:26:15+00:00,1504569,Sweden,564,Ettan - Södra,5,True
2026-10-01,2026-10-03T11:00:00+00:00,2026-10-01T02:26:15+00:00,1504570,Sweden,564,Ettan - Södra,5,True
2026-10-01,2026-10-03T11:00:00+00:00,2026-10-01T00:30:35+00:00,1505283,Sweden,563,Ettan - Norra,5,True
2026-10-01,2026-10-03T13:00:00+00:00,2026-10-01T00:30:35+00:00,1505284,Sweden,563,Ettan - Norra,5,True
2026-10-01,2026-10-03T14:00:00+00:00,2026-10-01T00:30:35+00:00,1505286,Sweden,563,Ettan - Norra,5,True
2026-10-01,2026-10-03T11:00:00+00:00,2026-10-01T00:30:35+00:00,1505287,Sweden,563,Ettan - Norra,5,True
2026-10-01,2026-10-03T14:00:00+00:00,2026-10-01T00:30:35+00:00,1505288,Sweden,563,Ettan - Norra,5,True
2026-10-01,2026-10-03T00:00:00+00:00,2026-10-01T02:29:13+00:00,1508564,USA,254,NWSL Women,8,True
2026-10-01,2026-10-03T02:00:00+00:00,2026-10-01T02:29:13+00:00,1508565,USA,254,NWSL Women,8,True
2026-10-01,2026-10-03T20:00:00+00:00,2026-10-01T02:29:13+00:00,1508566,USA,254,NWSL Women,7,True
2026-10-01,2026-10-03T22:30:00+00:00,2026-10-01T02:29:13+00:00,1508567,USA,254,NWSL Women,7,True
2026-10-01,2026-10-03T23:00:00+00:00,2026-10-01T00:30:36+00:00,1511610,Chile,266,Primera B,1,True
2026-10-01,2026-10-03T18:00:00+00:00,2026-10-01T00:30:36+00:00,1511611,Chile,266,Primera B,1,True
2026-10-01,2026-10-03T20:30:00+00:00,2026-10-01T00:30:36+00:00,1511612,Chile,266,Primera B,1,True
2026-10-01,2026-10-03T15:30:00+00:00,2026-10-01T00:30:36+00:00,1511613,Chile,266,Primera B,1,True
2026-10-01,2026-10-03T18:00:00+00:00,2026-10-01T00:30:36+00:00,1511614,Chile,266,Primera B,1,True
2026-10-01,2026-10-03T19:00:00+00:00,2026-10-01T08:09:14+00:00,1520901,Brazil,72,Serie B,8,True
2026-10-01,2026-10-03T14:00:00+00:00,2026-10-01T08:09:14+00:00,1520902,Brazil,72,Serie B,8,True
2026-10-01,2026-10-03T21:30:00+00:00,2026-10-01T08:09:14+00:00,1520903,Brazil,72,Serie B,8,True
2026-10-01,2026-10-03T20:00:00+00:00,2026-10-01T08:09:14+00:00,1520904,Brazil,72,Serie B,8,True
2026-10-01,2026-10-03T00:35:00+00:00,2026-10-01T08:09:14+00:00,1520905,Brazil,72,Serie B,8,True
2026-10-01,2026-10-03T13:00:00+00:00,2026-10-01T08:11:22+00:00,1528932,World,5,UEFA Nations League,8,True
2026-10-01,2026-10-03T16:00:00+00:00,2026-10-01T08:11:22+00:00,1528933,World,5,UEFA Nations League,9,True
2026-10-01,2026-10-03T16:00:00+00:00,2026-10-01T08:11:22+00:00,1528934,World,5,UEFA Nations League,6,True
2026-10-01,2026-10-03T16:00:00+00:00,2026-10-01T08:11:22+00:00,1528935,World,5,UEFA Nations League,7,True
2026-10-01,2026-10-03T18:45:00+00:00,2026-10-01T08:11:22+00:00,1528936,World,5,UEFA Nations League,9,True
2026-10-01,2026-10-03T16:00:00+00:00,2026-10-01T08:11:22+00:00,1545609,World,5,UEFA Nations League,8,True
2026-10-01,2026-10-03T18:45:00+00:00,2026-10-01T08:11:22+00:00,1545653,World,5,UEFA Nations League,8,True
2026-10-01,2026-10-03T18:45:00+00:00,2026-10-01T08:11:22+00:00,1545660,World,5,UEFA Nations League,8,True
2026-10-01,2026-10-03T20:30:00+00:00,2026-10-01T08:08:19+00:00,1549657,Colombia,240,Primera B,7,True
2026-10-01,2026-10-03T19:00:00+00:00,2026-10-01T08:04:15+00:00,1549803,Colombia,239,Primera A,9,True
2026-10-01,2026-10-03T00:45:00+00:00,2026-10-01T08:04:15+00:00,1549806,Colombia,239,Primera A,9,True
2026-10-01,2026-10-03T21:05:00+00:00,2026-10-01T08:04:15+00:00,1549807,Colombia,239,Primera A,9,True
2026-10-01,2026-10-03T14:30:00+00:00,2026-10-01T03:19:15+00:00,1551820,Netherlands,89,Eerste Divisie,8,True
2026-10-01,2026-10-03T18:00:00+00:00,2026-10-01T03:19:15+00:00,1551821,Netherlands,89,Eerste Divisie,8,True
2026-10-01,2026-10-03T18:00:00+00:00,2026-10-01T03:19:15+00:00,1551822,Netherlands,89,Eerste Divisie,8,True
2026-10-01,2026-10-03T18:00:00+00:00,2026-10-01T03:19:15+00:00,1551823,Netherlands,89,Eerste Divisie,8,True
2026-10-01,2026-10-03T14:30:00+00:00,2026-10-01T03:19:15+00:00,1551824,Netherlands,89,Eerste Divisie,8,True
2026-10-01,2026-10-03T18:00:00+00:00,2026-10-01T03:19:15+00:00,1551825,Netherlands,89,Eerste Divisie,8,True
2026-10-01,2026-10-03T06:00:00+00:00,2026-10-01T03:22:15+00:00,1555721,Japan,100,J3 League,5,True
2026-10-01,2026-10-03T05:00:00+00:00,2026-10-01T03:22:15+00:00,1555722,Japan,100,J3 League,6,True
2026-10-01,2026-10-03T08:00:00+00:00,2026-10-01T03:22:15+00:00,1555723,Japan,100,J3 League,6,True
2026-10-01,2026-10-03T05:00:00+00:00,2026-10-01T03:22:15+00:00,1555726,Japan,100,J3 League,6,True
2026-10-01,2026-10-03T08:00:00+00:00,2026-10-01T03:22:15+00:00,1555728,Japan,100,J3 League,6,True
2026-10-01,2026-10-03T08:00:00+00:00,2026-10-01T03:22:15+00:00,1555729,Japan,100,J3 League,6,True
2026-10-01,2026-10-03T05:00:00+00:00,2026-10-01T03:22:15+00:00,1555730,Japan,100,J3 League,6,True
2026-10-01,2026-10-03T14:00:00+00:00,2026-10-01T03:26:13+00:00,1556866,Scotland,180,Championship,9,True
2026-10-01,2026-10-03T14:00:00+00:00,2026-10-01T03:26:13+00:00,1556867,Scotland,180,Championship,9,True
2026-10-01,2026-10-03T14:00:00+00:00,2026-10-01T03:26:13+00:00,1556868,Scotland,180,Championship,9,True
2026-10-01,2026-10-03T14:00:00+00:00,2026-10-01T03:27:14+00:00,1557046,Scotland,183,League One,7,True
2026-10-01,2026-10-03T14:00:00+00:00,2026-10-01T03:27:14+00:00,1557047,Scotland,183,League One,5,True
2026-10-01,2026-10-03T16:30:00+00:00,2026-10-01T03:27:14+00:00,1557048,Scotland,183,League One,6,True
2026-10-01,2026-10-03T14:00:00+00:00,2026-10-01T03:27:14+00:00,1557049,Scotland,183,League One,5,True
2026-10-01,2026-10-03T14:00:00+00:00,2026-10-01T03:27:14+00:00,1557050,Scotland,183,League One,6,True
2026-10-01,2026-10-03T14:00:00+00:00,2026-10-01T03:30:19+00:00,1557789,Scotland,184,League Two,5,True
2026-10-01,2026-10-03T14:00:00+00:00,2026-10-01T03:30:19+00:00,1557790,Scotland,184,League Two,6,True
2026-10-01,2026-10-03T14:00:00+00:00,2026-10-01T03:30:19+00:00,1557791,Scotland,184,League Two,5,True
2026-10-01,2026-10-03T14:00:00+00:00,2026-10-01T03:30:19+00:00,1557792,Scotland,184,League Two,6,True
2026-10-01,2026-10-03T14:00:00+00:00,2026-10-01T03:30:19+00:00,1557793,Scotland,184,League Two,6,True
2026-10-01,2026-10-03T16:00:00+00:00,2026-10-01T00:30:35+00:00,1558952,Slovenia,374,2. SNL,5,True
2026-10-01,2026-10-03T14:00:00+00:00,2026-10-01T00:30:35+00:00,1558953,Slovenia,374,2. SNL,5,True
2026-10-01,2026-10-03T16:00:00+00:00,2026-10-01T00:30:35+00:00,1558956,Slovenia,374,2. SNL,4,True
2026-10-01,2026-10-03T14:00:00+00:00,2026-10-01T00:30:35+00:00,1558958,Slovenia,374,2. SNL,5,True
2026-10-01,2026-10-03T13:00:00+00:00,2026-10-01T03:36:14+00:00,1561150,Slovakia,506,2. liga,6,True
2026-10-01,2026-10-03T13:00:00+00:00,2026-10-01T03:36:14+00:00,1561151,Slovakia,506,2. liga,5,True
2026-10-01,2026-10-03T13:00:00+00:00,2026-10-01T03:36:14+00:00,1561152,Slovakia,506,2. liga,5,True
2026-10-01,2026-10-03T13:00:00+00:00,2026-10-01T03:36:14+00:00,1561153,Slovakia,506,2. liga,5,True
2026-10-01,2026-10-03T13:00:00+00:00,2026-10-01T03:36:14+00:00,1561154,Slovakia,506,2. liga,6,True
2026-10-01,2026-10-03T16:00:00+00:00,2026-10-01T03:36:14+00:00,1561155,Slovakia,506,2. liga,6,True
2026-10-01,2026-10-03T13:15:00+00:00,2026-10-01T03:37:15+00:00,1561669,Poland,109,II Liga - East,5,True
2026-10-01,2026-10-03T11:00:00+00:00,2026-10-01T03:37:15+00:00,1561672,Poland,109,II Liga - East,5,True
2026-10-01,2026-10-03T11:00:00+00:00,2026-10-01T03:37:15+00:00,1561674,Poland,109,II Liga - East,5,True
2026-10-01,2026-10-03T16:00:00+00:00,2026-10-01T03:37:15+00:00,1561675,Poland,109,II Liga - East,5,True
2026-10-01,2026-10-03T14:00:00+00:00,2026-10-01T03:37:15+00:00,1561677,Poland,109,II Liga - East,5,True
2026-10-01,2026-10-03T14:00:00+00:00,2026-10-01T03:38:14+00:00,1562081,Northern-Ireland,408,Premiership,8,True
2026-10-01,2026-10-03T14:00:00+00:00,2026-10-01T03:38:14+00:00,1562082,Northern-Ireland,408,Premiership,8,True
2026-10-01,2026-10-03T14:00:00+00:00,2026-10-01T03:38:14+00:00,1562083,Northern-Ireland,408,Premiership,8,True
2026-10-01,2026-10-03T14:00:00+00:00,2026-10-01T03:38:14+00:00,1562085,Northern-Ireland,408,Premiership,8,True
2026-10-01,2026-10-03T14:00:00+00:00,2026-10-01T03:41:15+00:00,1563779,England,42,League Two,9,True
2026-10-01,2026-10-03T11:30:00+00:00,2026-10-01T03:41:15+00:00,1563781,England,42,League Two,9,True
2026-10-01,2026-10-03T14:00:00+00:00,2026-10-01T03:41:15+00:00,1563782,England,42,League Two,2,True
2026-10-01,2026-10-03T14:00:00+00:00,2026-10-01T03:41:15+00:00,1563783,England,42,League Two,9,True
2026-10-01,2026-10-03T14:00:00+00:00,2026-10-01T03:41:15+00:00,1563784,England,42,League Two,9,True
2026-10-01,2026-10-03T14:00:00+00:00,2026-10-01T03:41:15+00:00,1563785,England,42,League Two,9,True
2026-10-01,2026-10-03T14:00:00+00:00,2026-10-01T03:41:15+00:00,1563786,England,42,League Two,9,True
2026-10-01,2026-10-03T14:00:00+00:00,2026-10-01T03:41:15+00:00,1563787,England,42,League Two,3,True
2026-10-01,2026-10-03T14:00:00+00:00,2026-10-01T03:41:15+00:00,1563788,England,42,League Two,9,True
2026-10-01,2026-10-03T14:00:00+00:00,2026-10-01T03:41:15+00:00,1563789,England,42,League Two,9,True
2026-10-01,2026-10-03T14:00:00+00:00,2026-10-01T03:41:15+00:00,1563790,England,42,League Two,3,True
2026-10-01,2026-10-03T14:00:00+00:00,2026-10-01T03:42:15+00:00,1564331,England,41,League One,2,True
2026-10-01,2026-10-03T14:00:00+00:00,2026-10-01T03:42:15+00:00,1564332,England,41,League One,3,True
2026-10-01,2026-10-03T14:00:00+00:00,2026-10-01T03:42:15+00:00,1564334,England,41,League One,3,True
2026-10-01,2026-10-03T14:00:00+00:00,2026-10-01T03:42:15+00:00,1564335,England,41,League One,9,True
2026-10-01,2026-10-03T14:00:00+00:00,2026-10-01T03:42:15+00:00,1564336,England,41,League One,9,True
2026-10-01,2026-10-03T14:00:00+00:00,2026-10-01T03:42:15+00:00,1564337,England,41,League One,3,True
2026-10-01,2026-10-03T14:00:00+00:00,2026-10-01T03:42:15+00:00,1564339,England,41,League One,1,True
2026-10-01,2026-10-03T14:00:00+00:00,2026-10-01T03:42:15+00:00,1564340,England,41,League One,9,True
2026-10-01,2026-10-03T14:00:00+00:00,2026-10-01T03:42:15+00:00,1564342,England,41,League One,3,True
2026-10-01,2026-10-03T14:00:00+00:00,2026-10-01T03:43:14+00:00,1564878,Northern-Ireland,407,Championship,4,True
2026-10-01,2026-10-03T14:00:00+00:00,2026-10-01T03:43:14+00:00,1564881,Northern-Ireland,407,Championship,4,True
2026-10-01,2026-10-03T14:00:00+00:00,2026-10-01T03:43:14+00:00,1564882,Northern-Ireland,407,Championship,4,True
2026-10-01,2026-10-03T17:00:00+00:00,2026-10-01T03:43:14+00:00,1564883,Northern-Ireland,407,Championship,4,True
2026-10-01,2026-10-03T14:00:00+00:00,2026-10-01T03:43:14+00:00,1564885,Northern-Ireland,407,Championship,4,True
2026-10-01,2026-10-03T10:00:00+00:00,2026-10-01T03:46:14+00:00,1565480,Ukraine,333,Premier League,1,True
2026-10-01,2026-10-03T12:00:00+00:00,2026-10-01T03:53:15+00:00,1569948,Spain,141,Segunda División,9,True
2026-10-01,2026-10-03T14:15:00+00:00,2026-10-01T03:53:15+00:00,1569949,Spain,141,Segunda División,9,True
2026-10-01,2026-10-03T16:30:00+00:00,2026-10-01T03:53:15+00:00,1569950,Spain,141,Segunda División,9,True
2026-10-01,2026-10-03T14:30:00+00:00,2026-10-01T00:30:35+00:00,1570768,Spain,435,Primera División RFEF - Group 1,5,True
2026-10-01,2026-10-03T14:30:00+00:00,2026-10-01T00:30:35+00:00,1570770,Spain,435,Primera División RFEF - Group 1,5,True
2026-10-01,2026-10-03T14:30:00+00:00,2026-10-01T00:30:35+00:00,1570772,Spain,435,Primera División RFEF - Group 1,5,True
2026-10-01,2026-10-03T16:45:00+00:00,2026-10-01T00:30:35+00:00,1570774,Spain,435,Primera División RFEF - Group 1,5,True
2026-10-01,2026-10-03T16:45:00+00:00,2026-10-01T03:54:14+00:00,1571146,Spain,436,Primera División RFEF - Group 2,5,True
2026-10-01,2026-10-03T16:45:00+00:00,2026-10-01T03:54:14+00:00,1571148,Spain,436,Primera División RFEF - Group 2,5,True
2026-10-01,2026-10-03T11:00:00+00:00,2026-10-01T03:54:14+00:00,1571149,Spain,436,Primera División RFEF - Group 2,5,True
2026-10-01,2026-10-03T16:45:00+00:00,2026-10-01T03:54:14+00:00,1571153,Spain,436,Primera División RFEF - Group 2,5,True
2026-10-01,2026-10-03T15:00:00+00:00,2026-10-01T00:30:35+00:00,1572066,Spain,875,Segunda División RFEF - Group 1,5,True
2026-10-01,2026-10-03T15:00:00+00:00,2026-10-01T00:30:35+00:00,1572067,Spain,875,Segunda División RFEF - Group 1,5,True
2026-10-01,2026-10-03T16:00:00+00:00,2026-10-01T00:30:35+00:00,1572072,Spain,875,Segunda División RFEF - Group 1,5,True
2026-10-01,2026-10-03T14:30:00+00:00,2026-10-01T00:30:35+00:00,1572073,Spain,875,Segunda División RFEF - Group 1,5,True
2026-10-01,2026-10-03T15:00:00+00:00,2026-10-01T00:30:35+00:00,1572074,Spain,875,Segunda División RFEF - Group 1,5,True
2026-10-01,2026-10-03T16:00:00+00:00,2026-10-01T00:30:35+00:00,1572374,Spain,876,Segunda División RFEF - Group 2,5,True
2026-10-01,2026-10-03T15:00:00+00:00,2026-10-01T00:30:35+00:00,1572376,Spain,876,Segunda División RFEF - Group 2,5,True
2026-10-01,2026-10-03T14:15:00+00:00,2026-10-01T00:30:35+00:00,1572682,Spain,877,Segunda División RFEF - Group 3,5,True
2026-10-01,2026-10-03T14:00:00+00:00,2026-10-01T00:30:35+00:00,1572683,Spain,877,Segunda División RFEF - Group 3,5,True
2026-10-01,2026-10-03T17:00:00+00:00,2026-10-01T00:30:35+00:00,1572985,Spain,878,Segunda División RFEF - Group 4,4,True
2026-10-01,2026-10-03T16:00:00+00:00,2026-10-01T03:55:17+00:00,1573290,Spain,879,Segunda División RFEF - Group 5,4,True
2026-10-01,2026-10-03T18:30:00+00:00,2026-10-01T03:55:17+00:00,1573293,Spain,879,Segunda División RFEF - Group 5,4,True
2026-10-01,2026-10-03T16:00:00+00:00,2026-10-01T03:55:17+00:00,1573295,Spain,879,Segunda División RFEF - Group 5,4,True
2026-10-01,2026-10-03T14:00:00+00:00,2026-10-01T03:58:12+00:00,1574364,Switzerland,510,1. Liga Promotion,1,True
2026-10-01,2026-10-03T14:00:00+00:00,2026-10-01T03:58:12+00:00,1574369,Switzerland,510,1. Liga Promotion,1,True
2026-10-01,2026-10-03T18:45:00+00:00,2026-10-01T08:18:14+00:00,1574750,France,63,Ligue 3,8,True
2026-10-01,2026-10-03T18:45:00+00:00,2026-10-01T08:18:14+00:00,1574752,France,63,Ligue 3,8,True
2026-10-01,2026-10-03T18:45:00+00:00,2026-10-01T08:18:14+00:00,1574753,France,63,Ligue 3,8,True
2026-10-01,2026-10-03T18:45:00+00:00,2026-10-01T08:18:14+00:00,1574754,France,63,Ligue 3,8,True
2026-10-01,2026-10-03T18:45:00+00:00,2026-10-01T08:18:14+00:00,1574755,France,63,Ligue 3,7,True
2026-10-01,2026-10-03T18:45:00+00:00,2026-10-01T08:18:14+00:00,1574756,France,63,Ligue 3,8,True
2026-10-01,2026-10-03T18:45:00+00:00,2026-10-01T08:18:14+00:00,1574757,France,63,Ligue 3,8,True
2026-10-01,2026-10-03T18:45:00+00:00,2026-10-01T08:18:14+00:00,1574758,France,63,Ligue 3,8,True
2026-10-01,2026-10-03T12:00:00+00:00,2026-10-01T00:30:35+00:00,1575809,Denmark,122,2. Division,5,True
2026-10-01,2026-10-03T12:00:00+00:00,2026-10-01T00:30:35+00:00,1575810,Denmark,122,2. Division,5,True
2026-10-01,2026-10-03T13:30:00+00:00,2026-10-01T00:30:35+00:00,1575972,Wales,110,Premier League,5,True
2026-10-01,2026-10-03T13:30:00+00:00,2026-10-01T00:30:35+00:00,1575973,Wales,110,Premier League,5,True
2026-10-01,2026-10-03T13:30:00+00:00,2026-10-01T00:30:35+00:00,1575974,Wales,110,Premier League,5,True
2026-10-01,2026-10-03T13:30:00+00:00,2026-10-01T00:30:35+00:00,1575975,Wales,110,Premier League,5,True
2026-10-01,2026-10-03T13:30:00+00:00,2026-10-01T00:30:35+00:00,1575976,Wales,110,Premier League,5,True
2026-10-01,2026-10-03T13:30:00+00:00,2026-10-01T00:30:35+00:00,1575977,Wales,110,Premier League,5,True
2026-10-01,2026-10-03T13:30:00+00:00,2026-10-01T00:30:35+00:00,1575978,Wales,110,Premier League,4,True
2026-10-01,2026-10-03T13:30:00+00:00,2026-10-01T00:30:35+00:00,1575979,Wales,110,Premier League,5,True
2026-10-01,2026-10-03T11:00:00+00:00,2026-10-01T00:30:35+00:00,1577792,Denmark,862,3. Division,5,True
2026-10-01,2026-10-03T11:00:00+00:00,2026-10-01T00:30:35+00:00,1577793,Denmark,862,3. Division,5,True
2026-10-01,2026-10-03T12:00:00+00:00,2026-10-01T00:30:35+00:00,1577794,Denmark,862,3. Division,5,True
2026-10-01,2026-10-03T12:00:00+00:00,2026-10-01T00:30:35+00:00,1577795,Denmark,862,3. Division,5,True
2026-10-01,2026-10-03T12:00:00+00:00,2026-10-01T00:30:35+00:00,1577796,Denmark,862,3. Division,3,True
2026-10-01,2026-10-03T12:00:00+00:00,2026-10-01T00:30:35+00:00,1577797,Denmark,862,3. Division,5,True
2026-10-01,2026-10-03T13:00:00+00:00,2026-10-01T00:30:35+00:00,1579481,Netherlands,492,Tweede Divisie,5,True
2026-10-01,2026-10-03T12:30:00+00:00,2026-10-01T00:30:35+00:00,1579482,Netherlands,492,Tweede Divisie,5,True
2026-10-01,2026-10-03T12:00:00+00:00,2026-10-01T00:30:35+00:00,1579483,Netherlands,492,Tweede Divisie,5,True
2026-10-01,2026-10-03T12:30:00+00:00,2026-10-01T00:30:35+00:00,1579484,Netherlands,492,Tweede Divisie,5,True
2026-10-01,2026-10-03T13:00:00+00:00,2026-10-01T00:30:35+00:00,1579485,Netherlands,492,Tweede Divisie,5,True
2026-10-01,2026-10-03T13:00:00+00:00,2026-10-01T00:30:35+00:00,1579486,Netherlands,492,Tweede Divisie,5,True
2026-10-01,2026-10-03T12:30:00+00:00,2026-10-01T00:30:35+00:00,1579487,Netherlands,492,Tweede Divisie,5,True
2026-10-01,2026-10-03T12:30:00+00:00,2026-10-01T00:30:35+00:00,1579488,Netherlands,492,Tweede Divisie,5,True
2026-10-01,2026-10-03T13:00:00+00:00,2026-10-01T00:30:35+00:00,1579489,Netherlands,492,Tweede Divisie,5,True
2026-10-01,2026-10-03T13:30:00+00:00,2026-10-01T00:30:35+00:00,1580762,Wales,111,FAW Championship,5,True
2026-10-01,2026-10-03T13:30:00+00:00,2026-10-01T00:30:35+00:00,1580763,Wales,111,FAW Championship,5,True
2026-10-01,2026-10-03T01:00:00+00:00,2026-10-01T00:30:34+00:00,1581440,Mexico,263,Liga de Expansión MX,7,True
2026-10-01,2026-10-03T03:00:00+00:00,2026-10-01T00:30:34+00:00,1581441,Mexico,263,Liga de Expansión MX,7,True
2026-10-01,2026-10-03T13:00:00+00:00,2026-10-01T00:30:36+00:00,1583937,Russia,1026,Second League A - Division A Silver,2,True
2026-10-01,2026-10-03T14:00:00+00:00,2026-10-01T00:30:35+00:00,1585269,England,43,National League,8,True
2026-10-01,2026-10-03T14:00:00+00:00,2026-10-01T00:30:35+00:00,1585270,England,43,National League,8,True
2026-10-01,2026-10-03T14:00:00+00:00,2026-10-01T00:30:35+00:00,1585271,England,43,National League,8,True
2026-10-01,2026-10-03T14:00:00+00:00,2026-10-01T00:30:35+00:00,1585272,England,43,National League,8,True
2026-10-01,2026-10-03T14:00:00+00:00,2026-10-01T00:30:35+00:00,1585273,England,43,National League,8,True
2026-10-01,2026-10-03T14:00:00+00:00,2026-10-01T00:30:35+00:00,1585274,England,43,National League,8,True
2026-10-01,2026-10-03T14:00:00+00:00,2026-10-01T00:30:35+00:00,1585275,England,43,National League,8,True
2026-10-01,2026-10-03T14:00:00+00:00,2026-10-01T00:30:35+00:00,1585276,England,43,National League,8,True
2026-10-01,2026-10-03T14:00:00+00:00,2026-10-01T00:30:35+00:00,1585277,England,43,National League,8,True
2026-10-01,2026-10-03T14:00:00+00:00,2026-10-01T00:30:35+00:00,1585278,England,43,National League,8,True
2026-10-01,2026-10-03T14:00:00+00:00,2026-10-01T00:30:35+00:00,1585279,England,43,National League,8,True
2026-10-01,2026-10-03T14:00:00+00:00,2026-10-01T00:30:35+00:00,1585280,England,43,National League,8,True
2026-10-01,2026-10-03T14:00:00+00:00,2026-10-01T00:30:35+00:00,1595992,England,58,Non League Premier - Isthmian,5,True
2026-10-01,2026-10-03T14:00:00+00:00,2026-10-01T00:30:35+00:00,1595998,England,58,Non League Premier - Isthmian,5,True
2026-10-01,2026-10-03T14:00:00+00:00,2026-10-01T00:30:35+00:00,1595999,England,58,Non League Premier - Isthmian,5,True
2026-10-01,2026-10-03T14:00:00+00:00,2026-10-01T00:30:35+00:00,1596453,England,59,Non League Premier - Northern,5,True
2026-10-01,2026-10-03T14:00:00+00:00,2026-10-01T00:30:35+00:00,1596458,England,59,Non League Premier - Northern,5,True
2026-10-01,2026-10-03T14:00:00+00:00,2026-10-01T00:30:35+00:00,1596459,England,59,Non League Premier - Northern,5,True
2026-10-01,2026-10-03T14:00:00+00:00,2026-10-01T00:30:35+00:00,1596460,England,59,Non League Premier - Northern,5,True
2026-10-01,2026-10-03T14:00:00+00:00,2026-10-01T00:30:35+00:00,1596461,England,59,Non League Premier - Northern,5,True
2026-10-01,2026-10-03T14:00:00+00:00,2026-10-01T00:30:35+00:00,1596462,England,59,Non League Premier - Northern,5,True
2026-10-01,2026-10-03T14:00:00+00:00,2026-10-01T00:30:35+00:00,1596905,England,931,Non League Premier - Southern Central,5,True
2026-10-01,2026-10-03T14:00:00+00:00,2026-10-01T00:30:35+00:00,1596906,England,931,Non League Premier - Southern Central,5,True
2026-10-01,2026-10-03T14:00:00+00:00,2026-10-01T00:30:35+00:00,1596909,England,931,Non League Premier - Southern Central,5,True
2026-10-01,2026-10-03T14:00:00+00:00,2026-10-01T00:30:35+00:00,1596911,England,931,Non League Premier - Southern Central,5,True
2026-10-01,2026-10-03T14:00:00+00:00,2026-10-01T00:30:35+00:00,1597373,England,60,Non League Premier - Southern South,5,True
2026-10-01,2026-10-03T14:00:00+00:00,2026-10-01T00:30:35+00:00,1597375,England,60,Non League Premier - Southern South,5,True
2026-10-01,2026-10-03T12:00:00+00:00,2026-10-01T00:30:36+00:00,1601042,Sweden,594,Division 2 - Norrland,3,True
2026-10-01,2026-10-03T12:00:00+00:00,2026-10-01T00:30:36+00:00,1601045,Sweden,594,Division 2 - Norrland,3,True
2026-10-01,2026-10-03T13:00:00+00:00,2026-10-01T00:30:36+00:00,1601046,Sweden,594,Division 2 - Norrland,3,True
2026-10-01,2026-10-03T05:00:00+00:00,2026-10-01T00:30:34+00:00,1606676,Japan,99,J2 League,9,True
2026-10-01,2026-10-03T05:00:00+00:00,2026-10-01T00:30:34+00:00,1606677,Japan,99,J2 League,9,True
2026-10-01,2026-10-03T07:00:00+00:00,2026-10-01T00:30:34+00:00,1606678,Japan,99,J2 League,9,True
2026-10-01,2026-10-03T08:00:00+00:00,2026-10-01T00:30:34+00:00,1606679,Japan,99,J2 League,9,True
2026-10-01,2026-10-03T08:00:00+00:00,2026-10-01T00:30:34+00:00,1606680,Japan,99,J2 League,8,True
2026-10-01,2026-10-03T12:30:00+00:00,2026-10-01T00:30:35+00:00,1607692,England,44,FA WSL,8,True
2026-10-01,2026-10-03T15:30:00+00:00,2026-10-01T00:30:35+00:00,1608302,Italy,138,Serie C - Girone A,5,True
2026-10-01,2026-10-03T12:30:00+00:00,2026-10-01T00:30:35+00:00,1608303,Italy,138,Serie C - Girone A,5,True
2026-10-01,2026-10-03T18:30:00+00:00,2026-10-01T00:30:35+00:00,1608305,Italy,138,Serie C - Girone A,5,True
2026-10-01,2026-10-03T18:30:00+00:00,2026-10-01T00:30:35+00:00,1608308,Italy,138,Serie C - Girone A,5,True
2026-10-01,2026-10-03T18:30:00+00:00,2026-10-01T00:30:35+00:00,1608309,Italy,138,Serie C - Girone A,5,True
2026-10-01,2026-10-03T15:30:00+00:00,2026-10-01T00:30:35+00:00,1608683,Italy,942,Serie C - Girone B,5,True
2026-10-01,2026-10-03T12:30:00+00:00,2026-10-01T00:30:35+00:00,1608684,Italy,942,Serie C - Girone B,5,True
2026-10-01,2026-10-03T15:30:00+00:00,2026-10-01T00:30:35+00:00,1608687,Italy,942,Serie C - Girone B,5,True
2026-10-01,2026-10-03T12:30:00+00:00,2026-10-01T00:30:35+00:00,1608690,Italy,942,Serie C - Girone B,5,True
2026-10-01,2026-10-03T18:30:00+00:00,2026-10-01T00:30:35+00:00,1609062,Italy,943,Serie C - Girone C,5,True
2026-10-01,2026-10-03T12:30:00+00:00,2026-10-01T00:30:35+00:00,1609063,Italy,943,Serie C - Girone C,5,True
2026-10-01,2026-10-03T15:30:00+00:00,2026-10-01T00:30:35+00:00,1609065,Italy,943,Serie C - Girone C,5,True
2026-10-01,2026-10-03T15:30:00+00:00,2026-10-01T00:30:35+00:00,1609067,Italy,943,Serie C - Girone C,5,True
2026-10-01,2026-10-03T12:30:00+00:00,2026-10-01T00:30:35+00:00,1609070,Italy,943,Serie C - Girone C,5,True
2026-10-01,2026-10-03T19:30:00+00:00,2026-10-01T00:30:35+00:00,1632022,Paraguay,252,Division Profesional - Clausura,6,True
2026-10-01,2026-10-03T22:00:00+00:00,2026-10-01T00:30:35+00:00,1632024,Paraguay,252,Division Profesional - Clausura,6,True
2026-10-01,2026-10-03T00:00:00+00:00,2026-10-01T08:05:17+00:00,1638597,World,10,Friendlies,8,True
2026-10-01,2026-10-03T00:00:00+00:00,2026-10-01T08:37:19+00:00,1639978,World,536,CONCACAF Nations League,4,True
2026-10-01,2026-10-03T00:00:00+00:00,2026-10-01T08:37:19+00:00,1639979,World,536,CONCACAF Nations League,4,True
2026-10-01,2026-10-03T00:00:00+00:00,2026-10-01T08:37:19+00:00,1639980,World,536,CONCACAF Nations League,4,True
2026-10-01,2026-10-03T02:00:00+00:00,2026-10-01T08:37:19+00:00,1639981,World,536,CONCACAF Nations League,4,True
2026-10-01,2026-10-03T14:00:00+00:00,2026-10-01T00:30:36+00:00,1641100,England,45,FA Cup,5,True
2026-10-01,2026-10-03T14:00:00+00:00,2026-10-01T00:30:36+00:00,1641101,England,45,FA Cup,5,True
2026-10-01,2026-10-03T14:00:00+00:00,2026-10-01T00:30:36+00:00,1641102,England,45,FA Cup,4,True
2026-10-01,2026-10-03T14:00:00+00:00,2026-10-01T00:30:36+00:00,1641103,England,45,FA Cup,4,True
2026-10-01,2026-10-03T14:00:00+00:00,2026-10-01T00:30:36+00:00,1641104,England,45,FA Cup,5,True
2026-10-01,2026-10-03T14:00:00+00:00,2026-10-01T00:30:35+00:00,1641105,England,45,FA Cup,4,True
2026-10-01,2026-10-03T14:00:00+00:00,2026-10-01T00:30:35+00:00,1641106,England,45,FA Cup,4,True
2026-10-01,2026-10-03T14:00:00+00:00,2026-10-01T00:30:36+00:00,1641107,England,45,FA Cup,5,True
2026-10-01,2026-10-03T14:00:00+00:00,2026-10-01T00:30:36+00:00,1641108,England,45,FA Cup,4,True
2026-10-01,2026-10-03T14:00:00+00:00,2026-10-01T00:30:35+00:00,1641109,England,45,FA Cup,5,True
2026-10-01,2026-10-03T14:00:00+00:00,2026-10-01T00:30:36+00:00,1641110,England,45,FA Cup,4,True
2026-10-01,2026-10-03T14:00:00+00:00,2026-10-01T00:30:35+00:00,1641111,England,45,FA Cup,5,True
2026-10-01,2026-10-03T14:00:00+00:00,2026-10-01T00:30:36+00:00,1641112,England,45,FA Cup,5,True
2026-10-01,2026-10-03T14:00:00+00:00,2026-10-01T00:30:36+00:00,1641113,England,45,FA Cup,5,True
2026-10-01,2026-10-03T14:00:00+00:00,2026-10-01T00:30:36+00:00,1641114,England,45,FA Cup,5,True
2026-10-01,2026-10-03T14:00:00+00:00,2026-10-01T00:30:36+00:00,1641115,England,45,FA Cup,4,True
2026-10-01,2026-10-03T14:00:00+00:00,2026-10-01T00:30:35+00:00,1641116,England,45,FA Cup,5,True
2026-10-01,2026-10-03T14:00:00+00:00,2026-10-01T00:30:36+00:00,1641117,England,45,FA Cup,5,True
2026-10-01,2026-10-03T14:00:00+00:00,2026-10-01T00:30:35+00:00,1641118,England,45,FA Cup,4,True
2026-10-01,2026-10-03T14:00:00+00:00,2026-10-01T00:30:35+00:00,1641119,England,45,FA Cup,4,True
2026-10-01,2026-10-03T14:00:00+00:00,2026-10-01T00:30:35+00:00,1641120,England,45,FA Cup,5,True
2026-10-01,2026-10-03T14:00:00+00:00,2026-10-01T00:30:35+00:00,1641121,England,45,FA Cup,5,True
2026-10-01,2026-10-03T14:00:00+00:00,2026-10-01T00:30:35+00:00,1641123,England,45,FA Cup,5,True
2026-10-01,2026-10-03T14:00:00+00:00,2026-10-01T00:30:36+00:00,1641126,England,45,FA Cup,4,True
2026-10-01,2026-10-03T14:00:00+00:00,2026-10-01T00:30:36+00:00,1641128,England,45,FA Cup,3,True
2026-10-01,2026-10-03T19:30:00+00:00,2026-10-01T02:43:14+00:00,1641145,Brazil,74,Brasileiro Women,2,True
2026-10-01,2026-10-03T14:00:00+00:00,2026-10-01T02:35:16+00:00,1641616,Uruguay,268,Primera División,8,True
2026-10-01,2026-10-03T18:00:00+00:00,2026-10-01T02:35:16+00:00,1641617,Uruguay,268,Primera División,8,True
2026-10-01,2026-10-03T21:00:00+00:00,2026-10-01T02:35:16+00:00,1641618,Uruguay,268,Primera División,8,True
2026-10-01,2026-10-03T14:00:00+00:00,2026-10-01T00:30:36+00:00,1641624,England,45,FA Cup,5,True
2026-10-01,2026-10-03T14:00:00+00:00,2026-10-01T00:30:36+00:00,1641625,England,45,FA Cup,5,True
2026-10-01,2026-10-03T11:30:00+00:00,2026-10-01T00:30:36+00:00,1641626,England,45,FA Cup,5,True
2026-10-01,2026-10-03T14:00:00+00:00,2026-10-01T00:30:36+00:00,1641627,England,45,FA Cup,4,True
2026-10-01,2026-10-03T14:00:00+00:00,2026-10-01T00:30:36+00:00,1641629,England,45,FA Cup,4,True
2026-10-01,2026-10-03T14:00:00+00:00,2026-10-01T00:30:36+00:00,1641630,England,45,FA Cup,4,True
2026-10-01,2026-10-03T14:00:00+00:00,2026-10-01T00:30:36+00:00,1641632,England,45,FA Cup,4,True
2026-10-01,2026-10-03T14:00:00+00:00,2026-10-01T00:30:35+00:00,1641633,England,45,FA Cup,4,True
2026-10-01,2026-10-03T14:00:00+00:00,2026-10-01T00:30:36+00:00,1641730,England,45,FA Cup,4,True
2026-10-01,2026-10-03T16:00:00+00:00,2026-10-01T02:47:13+00:00,1641866,Uruguay,269,Segunda División,5,True
2026-10-01,2026-10-03T10:00:00+00:00,2026-10-01T08:38:15+00:00,1643350,World,1247,FIFA Asean Cup,2,True
2026-10-01,2026-10-04T00:30:00+00:00,2026-10-01T02:15:26+00:00,1493160,Argentina,128,Liga Profesional Argentina,9,True
2026-10-01,2026-10-04T20:00:00+00:00,2026-10-01T02:15:26+00:00,1493165,Argentina,128,Liga Profesional Argentina,9,True
2026-10-01,2026-10-04T01:00:00+00:00,2026-10-01T02:15:26+00:00,1493722,USA,255,USL Championship,7,True
2026-10-01,2026-10-04T00:00:00+00:00,2026-10-01T02:15:26+00:00,1493724,USA,255,USL Championship,5,True
2026-10-01,2026-10-04T02:30:00+00:00,2026-10-01T02:15:26+00:00,1493726,USA,255,USL Championship,5,True
2026-10-01,2026-10-04T22:00:00+00:00,2026-10-01T02:15:26+00:00,1493729,USA,255,USL Championship,6,True
2026-10-01,2026-10-04T02:00:00+00:00,2026-10-01T02:15:26+00:00,1493730,USA,255,USL Championship,7,True
2026-10-01,2026-10-04T12:00:00+00:00,2026-10-01T02:15:26+00:00,1495572,Sweden,549,Damallsvenskan,1,True
2026-10-01,2026-10-04T13:00:00+00:00,2026-10-01T02:15:26+00:00,1495574,Sweden,549,Damallsvenskan,1,True
2026-10-01,2026-10-04T13:00:00+00:00,2026-10-01T02:15:26+00:00,1495575,Sweden,549,Damallsvenskan,1,True
2026-10-01,2026-10-04T12:30:00+00:00,2026-10-01T02:15:26+00:00,1495959,Norway,104,1. Division,9,True
2026-10-01,2026-10-04T18:00:00+00:00,2026-10-01T02:18:14+00:00,1498848,Argentina,129,Primera Nacional,7,True
2026-10-01,2026-10-04T20:30:00+00:00,2026-10-01T02:18:14+00:00,1498849,Argentina,129,Primera Nacional,7,True
2026-10-01,2026-10-04T18:30:00+00:00,2026-10-01T02:18:14+00:00,1498851,Argentina,129,Primera Nacional,7,True
2026-10-01,2026-10-04T20:00:00+00:00,2026-10-01T02:18:14+00:00,1498852,Argentina,129,Primera Nacional,7,True
2026-10-01,2026-10-04T20:00:00+00:00,2026-10-01T02:18:14+00:00,1498853,Argentina,129,Primera Nacional,7,True
2026-10-01,2026-10-04T21:00:00+00:00,2026-10-01T02:18:14+00:00,1498857,Argentina,129,Primera Nacional,7,True
2026-10-01,2026-10-04T20:00:00+00:00,2026-10-01T02:18:14+00:00,1498859,Argentina,129,Primera Nacional,7,True
2026-10-01,2026-10-04T21:30:00+00:00,2026-10-01T02:18:14+00:00,1498860,Argentina,129,Primera Nacional,7,True
2026-10-01,2026-10-04T18:30:00+00:00,2026-10-01T02:18:14+00:00,1498862,Argentina,129,Primera Nacional,7,True
2026-10-01,2026-10-04T18:00:00+00:00,2026-10-01T02:19:15+00:00,1499661,Argentina,131,Primera B Metropolitana,5,True
2026-10-01,2026-10-04T18:00:00+00:00,2026-10-01T02:19:15+00:00,1499665,Argentina,131,Primera B Metropolitana,5,True
2026-10-01,2026-10-04T18:00:00+00:00,2026-10-01T02:19:15+00:00,1499667,Argentina,131,Primera B Metropolitana,5,True
2026-10-01,2026-10-04T18:00:00+00:00,2026-10-01T02:19:15+00:00,1499669,Argentina,131,Primera B Metropolitana,5,True
2026-10-01,2026-10-04T11:00:00+00:00,2026-10-01T02:21:13+00:00,1501493,Sweden,736,Elitettan,1,True
2026-10-01,2026-10-04T11:00:00+00:00,2026-10-01T02:26:15+00:00,1504568,Sweden,564,Ettan - Södra,5,True
2026-10-01,2026-10-04T11:00:00+00:00,2026-10-01T02:15:26+00:00,1505290,Sweden,563,Ettan - Norra,5,True
2026-10-01,2026-10-04T16:00:00+00:00,2026-10-01T02:29:13+00:00,1508569,USA,254,NWSL Women,7,True
2026-10-01,2026-10-04T20:00:00+00:00,2026-10-01T02:29:13+00:00,1508570,USA,254,NWSL Women,7,True
2026-10-01,2026-10-04T23:00:00+00:00,2026-10-01T02:29:13+00:00,1508571,USA,254,NWSL Women,7,True
2026-10-01,2026-10-04T16:00:00+00:00,2026-08-22T08:30:14+00:00,1509164,Georgia,327,Erovnuli Liga,3,True
2026-10-01,2026-10-04T14:00:00+00:00,2026-10-01T02:15:26+00:00,1511235,Sweden,595,Division 2 - Södra Svealand,2,True
2026-10-01,2026-10-04T18:00:00+00:00,2026-10-01T02:15:26+00:00,1511615,Chile,266,Primera B,1,True
2026-10-01,2026-10-04T20:30:00+00:00,2026-10-01T02:15:26+00:00,1511616,Chile,266,Primera B,1,True
2026-10-01,2026-10-04T16:00:00+00:00,2026-10-01T08:11:22+00:00,1528938,World,5,UEFA Nations League,1,True
2026-10-01,2026-10-04T18:45:00+00:00,2026-10-01T08:11:22+00:00,1528939,World,5,UEFA Nations League,8,True
2026-10-01,2026-10-04T18:45:00+00:00,2026-10-01T08:11:22+00:00,1528940,World,5,UEFA Nations League,6,True
2026-10-01,2026-10-04T18:45:00+00:00,2026-10-01T08:11:22+00:00,1528941,World,5,UEFA Nations League,6,True
2026-10-01,2026-10-04T18:45:00+00:00,2026-10-01T08:11:22+00:00,1528942,World,5,UEFA Nations League,8,True
2026-10-01,2026-10-04T18:45:00+00:00,2026-10-01T08:11:22+00:00,1528943,World,5,UEFA Nations League,8,True
2026-10-01,2026-10-04T21:00:00+00:00,2026-10-01T08:08:19+00:00,1549658,Colombia,240,Primera B,6,True
2026-10-01,2026-10-04T23:10:00+00:00,2026-10-01T08:04:15+00:00,1549804,Colombia,239,Primera A,7,True
2026-10-01,2026-10-04T21:05:00+00:00,2026-10-01T08:04:15+00:00,1549805,Colombia,239,Primera A,8,True
2026-10-01,2026-10-04T01:15:00+00:00,2026-10-01T08:04:15+00:00,1549809,Colombia,239,Primera A,8,True
2026-10-01,2026-10-04T12:30:00+00:00,2026-10-01T03:19:15+00:00,1551826,Netherlands,89,Eerste Divisie,8,True
2026-10-01,2026-10-04T14:00:00+00:00,2026-10-01T03:21:12+00:00,1554176,Serbia,287,Prva Liga,1,True
2026-10-01,2026-10-04T16:00:00+00:00,2026-10-01T03:21:12+00:00,1554180,Serbia,287,Prva Liga,1,True
2026-10-01,2026-10-04T12:00:00+00:00,2026-10-01T03:21:12+00:00,1554182,Serbia,287,Prva Liga,1,True
2026-10-01,2026-10-04T09:00:00+00:00,2026-10-01T03:22:15+00:00,1555724,Japan,100,J3 League,6,True
2026-10-01,2026-10-04T05:00:00+00:00,2026-10-01T03:22:15+00:00,1555725,Japan,100,J3 League,6,True
2026-10-01,2026-10-04T14:00:00+00:00,2026-10-01T02:15:26+00:00,1558951,Slovenia,374,2. SNL,5,True
2026-10-01,2026-10-04T14:00:00+00:00,2026-10-01T02:15:26+00:00,1558954,Slovenia,374,2. SNL,5,True
2026-10-01,2026-10-04T13:00:00+00:00,2026-10-01T02:15:26+00:00,1558955,Slovenia,374,2. SNL,5,True
2026-10-01,2026-10-04T16:00:00+00:00,2026-10-01T02:15:26+00:00,1558957,Slovenia,374,2. SNL,5,True
2026-10-01,2026-10-04T08:30:00+00:00,2026-10-01T03:36:14+00:00,1561156,Slovakia,506,2. liga,6,True
2026-10-01,2026-10-04T15:00:00+00:00,2026-10-01T03:37:15+00:00,1561670,Poland,109,II Liga - East,5,True
2026-10-01,2026-10-04T17:30:00+00:00,2026-10-01T03:37:15+00:00,1561671,Poland,109,II Liga - East,5,True
2026-10-01,2026-10-04T11:00:00+00:00,2026-10-01T03:37:15+00:00,1561673,Poland,109,II Liga - East,5,True
2026-10-01,2026-10-04T14:00:00+00:00,2026-10-01T03:38:14+00:00,1562080,Northern-Ireland,408,Premiership,8,True
2026-10-01,2026-10-04T16:30:00+00:00,2026-10-01T03:53:15+00:00,1569951,Spain,141,Segunda División,9,True
2026-10-01,2026-10-04T14:15:00+00:00,2026-10-01T03:53:15+00:00,1569954,Spain,141,Segunda División,9,True
2026-10-01,2026-10-04T19:00:00+00:00,2026-10-01T03:53:15+00:00,1569955,Spain,141,Segunda División,9,True
2026-10-01,2026-10-04T16:30:00+00:00,2026-10-01T03:53:15+00:00,1569956,Spain,141,Segunda División,9,True
2026-10-01,2026-10-04T12:00:00+00:00,2026-10-01T03:53:15+00:00,1569957,Spain,141,Segunda División,9,True
2026-10-01,2026-10-04T16:45:00+00:00,2026-10-01T02:15:26+00:00,1570766,Spain,435,Primera División RFEF - Group 1,5,True
2026-10-01,2026-10-04T10:00:00+00:00,2026-10-01T02:15:26+00:00,1570767,Spain,435,Primera División RFEF - Group 1,5,True
2026-10-01,2026-10-04T14:30:00+00:00,2026-10-01T02:15:26+00:00,1570769,Spain,435,Primera División RFEF - Group 1,5,True
2026-10-01,2026-10-04T10:00:00+00:00,2026-10-01T02:15:26+00:00,1570773,Spain,435,Primera División RFEF - Group 1,5,True
2026-10-01,2026-10-04T14:30:00+00:00,2026-10-01T02:15:26+00:00,1570775,Spain,435,Primera División RFEF - Group 1,4,True
2026-10-01,2026-10-04T16:45:00+00:00,2026-10-01T03:54:14+00:00,1571147,Spain,436,Primera División RFEF - Group 2,5,True
2026-10-01,2026-10-04T12:15:00+00:00,2026-10-01T03:54:14+00:00,1571150,Spain,436,Primera División RFEF - Group 2,5,True
2026-10-01,2026-10-04T10:00:00+00:00,2026-10-01T03:54:14+00:00,1571151,Spain,436,Primera División RFEF - Group 2,5,True
2026-10-01,2026-10-04T10:00:00+00:00,2026-10-01T03:54:14+00:00,1571154,Spain,436,Primera División RFEF - Group 2,5,True
2026-10-01,2026-10-04T19:00:00+00:00,2026-10-01T03:54:14+00:00,1571155,Spain,436,Primera División RFEF - Group 2,5,True
2026-10-01,2026-10-04T15:00:00+00:00,2026-10-01T02:15:26+00:00,1572068,Spain,875,Segunda División RFEF - Group 1,5,True
2026-10-01,2026-10-04T15:00:00+00:00,2026-10-01T02:15:26+00:00,1572069,Spain,875,Segunda División RFEF - Group 1,5,True
2026-10-01,2026-10-04T15:00:00+00:00,2026-10-01T02:15:26+00:00,1572070,Spain,875,Segunda División RFEF - Group 1,5,True
2026-10-01,2026-10-04T15:00:00+00:00,2026-10-01T02:15:26+00:00,1572071,Spain,875,Segunda División RFEF - Group 1,5,True
2026-10-01,2026-10-04T15:00:00+00:00,2026-10-01T02:15:26+00:00,1572372,Spain,876,Segunda División RFEF - Group 2,5,True
2026-10-01,2026-10-04T15:00:00+00:00,2026-10-01T02:15:26+00:00,1572373,Spain,876,Segunda División RFEF - Group 2,5,True
2026-10-01,2026-10-04T15:00:00+00:00,2026-10-01T02:15:26+00:00,1572375,Spain,876,Segunda División RFEF - Group 2,5,True
2026-10-01,2026-10-04T15:00:00+00:00,2026-10-01T02:15:26+00:00,1572377,Spain,876,Segunda División RFEF - Group 2,5,True
2026-10-01,2026-10-04T16:00:00+00:00,2026-10-01T02:15:26+00:00,1572378,Spain,876,Segunda División RFEF - Group 2,5,True
2026-10-01,2026-10-04T16:00:00+00:00,2026-10-01T02:15:26+00:00,1572379,Spain,876,Segunda División RFEF - Group 2,5,True
2026-10-01,2026-10-04T10:00:00+00:00,2026-10-01T02:15:26+00:00,1572678,Spain,877,Segunda División RFEF - Group 3,5,True
2026-10-01,2026-10-04T09:45:00+00:00,2026-10-01T02:15:26+00:00,1572679,Spain,877,Segunda División RFEF - Group 3,4,True
2026-10-01,2026-10-04T10:00:00+00:00,2026-10-01T02:15:26+00:00,1572680,Spain,877,Segunda División RFEF - Group 3,5,True
2026-10-01,2026-10-04T09:00:00+00:00,2026-10-01T02:15:26+00:00,1572681,Spain,877,Segunda División RFEF - Group 3,5,True
2026-10-01,2026-10-04T10:00:00+00:00,2026-10-01T02:15:26+00:00,1572684,Spain,877,Segunda División RFEF - Group 3,5,True
2026-10-01,2026-10-04T16:00:00+00:00,2026-10-01T02:15:26+00:00,1572685,Spain,877,Segunda División RFEF - Group 3,5,True
2026-10-01,2026-10-04T09:30:00+00:00,2026-10-01T02:15:26+00:00,1572686,Spain,877,Segunda División RFEF - Group 3,4,True
2026-10-01,2026-10-04T17:00:00+00:00,2026-10-01T02:15:26+00:00,1572986,Spain,878,Segunda División RFEF - Group 4,5,True
2026-10-01,2026-10-04T15:00:00+00:00,2026-10-01T02:15:26+00:00,1572987,Spain,878,Segunda División RFEF - Group 4,5,True
2026-10-01,2026-10-04T10:00:00+00:00,2026-10-01T02:15:26+00:00,1572988,Spain,878,Segunda División RFEF - Group 4,5,True
2026-10-01,2026-10-04T10:00:00+00:00,2026-10-01T02:15:26+00:00,1572989,Spain,878,Segunda División RFEF - Group 4,5,True
2026-10-01,2026-10-04T09:30:00+00:00,2026-10-01T02:15:26+00:00,1572990,Spain,878,Segunda División RFEF - Group 4,5,True
2026-10-01,2026-10-04T11:00:00+00:00,2026-10-01T02:15:26+00:00,1572991,Spain,878,Segunda División RFEF - Group 4,5,True
2026-10-01,2026-10-04T10:00:00+00:00,2026-10-01T02:15:26+00:00,1572992,Spain,878,Segunda División RFEF - Group 4,5,True
2026-10-01,2026-10-04T10:00:00+00:00,2026-10-01T03:55:17+00:00,1573294,Spain,879,Segunda División RFEF - Group 5,4,True
2026-10-01,2026-10-04T10:00:00+00:00,2026-10-01T03:55:17+00:00,1573296,Spain,879,Segunda División RFEF - Group 5,4,True
2026-10-01,2026-10-04T10:00:00+00:00,2026-10-01T03:55:17+00:00,1573297,Spain,879,Segunda División RFEF - Group 5,4,True
2026-10-01,2026-10-04T10:00:00+00:00,2026-10-01T03:55:17+00:00,1573298,Spain,879,Segunda División RFEF - Group 5,4,True
2026-10-01,2026-10-04T12:00:00+00:00,2026-10-01T02:15:26+00:00,1575811,Denmark,122,2. Division,5,True
2026-10-01,2026-10-04T10:00:00+00:00,2026-10-01T02:15:26+00:00,1576482,Portugal,95,Segunda Liga,8,True
2026-10-01,2026-10-04T18:00:00+00:00,2026-10-01T02:15:26+00:00,1581435,Mexico,263,Liga de Expansión MX,7,True
2026-10-01,2026-10-04T01:00:00+00:00,2026-10-01T02:15:26+00:00,1581437,Mexico,263,Liga de Expansión MX,7,True
2026-10-01,2026-10-04T01:00:00+00:00,2026-10-01T02:15:26+00:00,1581438,Mexico,263,Liga de Expansión MX,7,True
2026-10-01,2026-10-04T01:00:00+00:00,2026-10-01T02:15:26+00:00,1581480,Mexico,263,Liga de Expansión MX,7,True
2026-10-01,2026-10-04T20:00:00+00:00,2026-10-01T08:21:12+00:00,1601456,Costa-Rica,163,Liga de Ascenso,3,True
2026-10-01,2026-10-04T04:00:00+00:00,2026-10-01T02:15:26+00:00,1606681,Japan,99,J2 League,8,True
2026-10-01,2026-10-04T04:00:00+00:00,2026-10-01T02:15:26+00:00,1606682,Japan,99,J2 League,9,True
2026-10-01,2026-10-04T05:00:00+00:00,2026-10-01T02:15:26+00:00,1606683,Japan,99,J2 League,9,True
2026-10-01,2026-10-04T06:00:00+00:00,2026-10-01T02:15:26+00:00,1606684,Japan,99,J2 League,9,True
2026-10-01,2026-10-04T10:00:00+00:00,2026-10-01T02:15:26+00:00,1606685,Japan,99,J2 League,9,True
2026-10-01,2026-10-04T13:00:00+00:00,2026-10-01T02:15:26+00:00,1607691,England,44,FA WSL,8,True
2026-10-01,2026-10-04T13:00:00+00:00,2026-10-01T02:15:26+00:00,1607693,England,44,FA WSL,8,True
2026-10-01,2026-10-04T13:00:00+00:00,2026-10-01T02:15:26+00:00,1607694,England,44,FA WSL,8,True
2026-10-01,2026-10-04T13:00:00+00:00,2026-10-01T02:15:26+00:00,1607695,England,44,FA WSL,8,True
2026-10-01,2026-10-04T13:00:00+00:00,2026-10-01T02:15:26+00:00,1607696,England,44,FA WSL,8,True
2026-10-01,2026-10-04T15:30:00+00:00,2026-10-01T02:15:26+00:00,1607697,England,44,FA WSL,8,True
2026-10-01,2026-10-04T18:30:00+00:00,2026-10-01T02:15:26+00:00,1608301,Italy,138,Serie C - Girone A,5,True
2026-10-01,2026-10-04T15:30:00+00:00,2026-10-01T02:15:26+00:00,1608304,Italy,138,Serie C - Girone A,5,True
2026-10-01,2026-10-04T15:30:00+00:00,2026-10-01T02:15:26+00:00,1608306,Italy,138,Serie C - Girone A,3,True
2026-10-01,2026-10-04T10:30:00+00:00,2026-10-01T02:15:26+00:00,1608307,Italy,138,Serie C - Girone A,5,True
2026-10-01,2026-10-04T10:30:00+00:00,2026-10-01T02:15:26+00:00,1608310,Italy,138,Serie C - Girone A,5,True
2026-10-01,2026-10-04T12:30:00+00:00,2026-10-01T02:15:26+00:00,1608682,Italy,942,Serie C - Girone B,5,True
2026-10-01,2026-10-04T12:30:00+00:00,2026-10-01T02:15:26+00:00,1608685,Italy,942,Serie C - Girone B,5,True
2026-10-01,2026-10-04T18:30:00+00:00,2026-10-01T02:15:26+00:00,1608686,Italy,942,Serie C - Girone B,5,True
2026-10-01,2026-10-04T12:30:00+00:00,2026-10-01T02:15:26+00:00,1608688,Italy,942,Serie C - Girone B,5,True
2026-10-01,2026-10-04T15:30:00+00:00,2026-10-01T02:15:26+00:00,1608689,Italy,942,Serie C - Girone B,5,True
2026-10-01,2026-10-04T18:30:00+00:00,2026-10-01T02:15:26+00:00,1609061,Italy,943,Serie C - Girone C,5,True
2026-10-01,2026-10-04T12:30:00+00:00,2026-10-01T02:15:26+00:00,1609064,Italy,943,Serie C - Girone C,5,True
2026-10-01,2026-10-04T18:30:00+00:00,2026-10-01T02:15:26+00:00,1609068,Italy,943,Serie C - Girone C,5,True
2026-10-01,2026-10-04T18:30:00+00:00,2026-10-01T02:15:26+00:00,1609069,Italy,943,Serie C - Girone C,5,True
2026-10-01,2026-10-04T13:00:00+00:00,2026-10-01T02:35:16+00:00,1641619,Uruguay,268,Primera División,7,True
2026-10-01,2026-10-04T16:00:00+00:00,2026-10-01T02:35:16+00:00,1641620,Uruguay,268,Primera División,7,True
2026-10-01,2026-10-04T19:00:00+00:00,2026-10-01T02:35:16+00:00,1641621,Uruguay,268,Primera División,7,True
2026-10-01,2026-10-04T22:30:00+00:00,2026-10-01T02:35:16+00:00,1641622,Uruguay,268,Primera División,7,True
2026-10-01,2026-10-05T19:45:00+00:00,2026-10-01T02:30:09+00:00,1493157,Argentina,128,Liga Profesional Argentina,8,True
2026-10-01,2026-10-05T22:00:00+00:00,2026-10-01T02:30:09+00:00,1493158,Argentina,128,Liga Profesional Argentina,8,True
2026-10-01,2026-10-05T00:30:00+00:00,2026-10-01T02:30:09+00:00,1493159,Argentina,128,Liga Profesional Argentina,9,True
2026-10-01,2026-10-05T22:00:00+00:00,2026-10-01T02:30:09+00:00,1493166,Argentina,128,Liga Profesional Argentina,8,True
2026-10-01,2026-10-05T17:00:00+00:00,2026-10-01T02:30:09+00:00,1495962,Norway,104,1. Division,9,True
2026-10-01,2026-10-05T20:00:00+00:00,2026-10-01T02:30:09+00:00,1498858,Argentina,129,Primera Nacional,7,True
2026-10-01,2026-10-05T18:45:00+00:00,2026-10-01T08:11:22+00:00,1528946,World,5,UEFA Nations League,1,True
2026-10-01,2026-10-05T18:45:00+00:00,2026-10-01T08:11:22+00:00,1528947,World,5,UEFA Nations League,1,True
2026-10-01,2026-10-05T01:15:00+00:00,2026-10-01T08:04:15+00:00,1549811,Colombia,239,Primera A,8,True
2026-10-01,2026-10-05T16:00:00+00:00,2026-10-01T03:21:12+00:00,1554181,Serbia,287,Prva Liga,1,True
2026-10-01,2026-10-05T15:00:00+00:00,2026-10-01T03:36:14+00:00,1561149,Slovakia,506,2. liga,6,True
2026-10-01,2026-10-05T18:30:00+00:00,2026-10-01T03:53:15+00:00,1569952,Spain,141,Segunda División,9,True
2026-10-01,2026-10-05T18:45:00+00:00,2026-10-01T02:30:09+00:00,1596001,England,58,Non League Premier - Isthmian,5,True
2026-10-01,2026-10-06T00:15:00+00:00,2026-10-01T02:45:12+00:00,1493154,Argentina,128,Liga Profesional Argentina,8,True
2026-10-01,2026-10-06T09:00:00+00:00,2026-10-01T08:28:14+00:00,1621344,Israel,496,Liga Alef,2,True
2026-10-01,2026-10-06T18:45:00+00:00,2026-10-01T08:11:22+00:00,1545657,World,5,UEFA Nations League,1,True
2026-10-01,2026-10-06T19:00:00+00:00,2026-10-01T08:12:14+00:00,1545838,World,36,Africa Cup of Nations - Qualification,2,True
2026-10-01,2026-10-06T23:30:00+00:00,2026-10-01T02:45:12+00:00,1642247,Chile,267,Copa Chile,4,True
2026-10-01,2026-10-07T00:30:00+00:00,2026-10-01T08:02:15+00:00,1490326,USA,253,Major League Soccer,7,True
2026-10-01,2026-10-07T23:30:00+00:00,2026-10-01T03:00:19+00:00,1492391,Brazil,71,Serie A,9,True
2026-10-01,2026-10-07T22:30:00+00:00,2026-10-01T03:00:19+00:00,1492392,Brazil,71,Serie A,9,True
2026-10-01,2026-10-07T22:30:00+00:00,2026-10-01T03:00:19+00:00,1492395,Brazil,71,Serie A,8,True
2026-10-01,2026-10-07T22:30:00+00:00,2026-10-01T03:00:19+00:00,1492397,Brazil,71,Serie A,8,True
2026-10-01,2026-10-07T23:00:00+00:00,2026-10-01T03:00:19+00:00,1492399,Brazil,71,Serie A,9,True
2026-10-01,2026-10-07T16:00:00+00:00,2026-10-01T03:00:19+00:00,1638101,Finland,244,Veikkausliiga,7,True
2026-10-01,2026-10-07T16:00:00+00:00,2026-10-01T03:00:19+00:00,1638172,Finland,245,Ykkönen,5,True
2026-10-01,2026-10-07T22:00:00+00:00,2026-10-01T03:00:19+00:00,1638395,Chile,267,Copa Chile,5,True
2026-10-01,2026-10-08T23:00:00+00:00,2026-10-01T02:07:17+00:00,1492390,Brazil,71,Serie A,9,True
2026-10-01,2026-10-08T00:30:00+00:00,2026-10-01T02:07:17+00:00,1492393,Brazil,71,Serie A,9,True
2026-10-01,2026-10-08T22:30:00+00:00,2026-10-01T02:07:17+00:00,1492398,Brazil,71,Serie A,9,True
2026-10-01,2026-10-08T17:00:00+00:00,2026-08-10T16:50:15+00:00,1565207,Romania,283,Liga I,10,True
2026-10-01,2026-10-08T15:00:00+00:00,2026-10-01T02:13:14+00:00,1638102,Finland,244,Veikkausliiga,7,True
2026-10-01,2026-10-08T16:00:00+00:00,2026-10-01T02:13:14+00:00,1638103,Finland,244,Veikkausliiga,7,True
2026-10-01,2026-10-09T00:30:00+00:00,2026-10-01T02:07:17+00:00,1492394,Brazil,71,Serie A,8,True
2026-10-01,2026-10-09T00:30:00+00:00,2026-10-01T02:07:17+00:00,1492396,Brazil,71,Serie A,9,True
2026-10-01,2026-10-09T18:45:00+00:00,2026-10-01T02:08:15+00:00,1492778,Ireland,357,Premier Division,5,True
2026-10-01,2026-10-09T19:00:00+00:00,2026-10-01T02:08:15+00:00,1492780,Ireland,357,Premier Division,6,True
2026-10-01,2026-10-09T18:00:00+00:00,2026-09-20T13:11:18+00:00,1552180,Netherlands,88,Eredivisie,5,True
2026-10-01,2026-10-09T18:45:00+00:00,2026-09-20T16:44:17+00:00,1552775,France,61,Ligue 1,7,True
2026-10-01,2026-10-09T16:30:00+00:00,2026-09-17T16:42:13+00:00,1561406,Russia,235,Premier League,2,True
2026-10-01,2026-10-09T19:00:00+00:00,2026-09-20T13:38:14+00:00,1563190,England,40,Championship,7,True
2026-10-01,2026-10-09T19:00:00+00:00,2026-09-20T17:04:18+00:00,1570408,Spain,140,La Liga,6,True
2026-10-01,2026-10-09T18:30:00+00:00,2026-09-20T17:09:14+00:00,1575176,Germany,78,Bundesliga,7,True
2026-10-01,2026-10-09T15:00:00+00:00,2026-10-01T02:13:14+00:00,1638086,Finland,244,Veikkausliiga,7,True
2026-10-01,2026-10-10T18:30:00+00:00,2026-10-01T08:02:15+00:00,1490511,USA,253,Major League Soccer,7,True
2026-10-01,2026-10-10T17:00:00+00:00,2026-10-01T08:02:15+00:00,1490512,USA,253,Major League Soccer,7,True
2026-10-01,2026-10-10T23:30:00+00:00,2026-10-01T08:02:15+00:00,1490513,USA,253,Major League Soccer,7,True
2026-10-01,2026-10-10T23:30:00+00:00,2026-10-01T08:02:15+00:00,1490514,USA,253,Major League Soccer,7,True
2026-10-01,2026-10-10T23:30:00+00:00,2026-10-01T08:02:15+00:00,1490515,USA,253,Major League Soccer,7,True
2026-10-01,2026-10-10T23:30:00+00:00,2026-10-01T08:02:15+00:00,1490516,USA,253,Major League Soccer,6,True
2026-10-01,2026-10-10T23:30:00+00:00,2026-10-01T08:02:15+00:00,1490517,USA,253,Major League Soccer,7,True
2026-10-01,2026-10-10T23:30:00+00:00,2026-10-01T08:02:15+00:00,1490518,USA,253,Major League Soccer,7,True
2026-10-01,2026-10-10T23:30:00+00:00,2026-10-01T08:02:15+00:00,1490519,USA,253,Major League Soccer,7,True
2026-10-01,2026-10-10T18:00:00+00:00,2026-10-01T02:27:13+00:00,1505531,Chile,265,Primera División,7,True
2026-10-01,2026-10-10T20:30:00+00:00,2026-10-01T02:27:13+00:00,1505535,Chile,265,Primera División,7,True
2026-10-01,2026-10-10T23:00:00+00:00,2026-10-01T02:27:13+00:00,1505537,Chile,265,Primera División,7,True
2026-10-01,2026-10-10T18:00:00+00:00,2026-09-30T16:09:13+00:00,1549500,Peru,281,Primera División,5,True
2026-10-01,2026-10-10T20:30:00+00:00,2026-09-30T16:09:13+00:00,1549502,Peru,281,Primera División,6,True
2026-10-01,2026-10-10T01:00:00+00:00,2026-09-30T16:09:13+00:00,1549504,Peru,281,Primera División,6,True
2026-10-01,2026-10-10T13:00:00+00:00,2026-09-20T16:38:14+00:00,1550140,Italy,135,Serie A,5,True
2026-10-01,2026-10-10T16:00:00+00:00,2026-09-20T16:38:15+00:00,1550141,Italy,135,Serie A,5,True
2026-10-01,2026-10-10T18:45:00+00:00,2026-09-20T16:38:15+00:00,1550144,Italy,135,Serie A,5,True
2026-10-01,2026-10-10T16:45:00+00:00,2026-09-20T13:11:18+00:00,1552181,Netherlands,88,Eredivisie,4,True
2026-10-01,2026-10-10T14:30:00+00:00,2026-09-20T13:11:18+00:00,1552182,Netherlands,88,Eredivisie,4,True
2026-10-01,2026-10-10T19:00:00+00:00,2026-09-20T13:11:18+00:00,1552183,Netherlands,88,Eredivisie,4,True
2026-10-01,2026-10-10T18:00:00+00:00,2026-09-20T13:11:18+00:00,1552184,Netherlands,88,Eredivisie,4,True
2026-10-01,2026-10-10T18:45:00+00:00,2026-09-20T16:44:17+00:00,1552774,France,61,Ligue 1,6,True
2026-10-01,2026-10-10T15:15:00+00:00,2026-09-20T16:44:17+00:00,1552776,France,61,Ligue 1,6,True
2026-10-01,2026-10-10T18:45:00+00:00,2026-09-20T16:44:17+00:00,1552777,France,61,Ligue 1,6,True
2026-10-01,2026-10-10T18:45:00+00:00,2026-09-20T16:44:17+00:00,1552778,France,61,Ligue 1,6,True
2026-10-01,2026-10-10T18:45:00+00:00,2026-09-20T16:44:17+00:00,1552780,France,61,Ligue 1,6,True
2026-10-01,2026-10-10T14:00:00+00:00,2026-09-20T09:27:15+00:00,1556671,Scotland,179,Premiership,4,True
2026-10-01,2026-10-10T14:00:00+00:00,2026-09-20T09:27:15+00:00,1556672,Scotland,179,Premiership,4,True
2026-10-01,2026-10-10T14:00:00+00:00,2026-09-20T09:27:15+00:00,1556673,Scotland,179,Premiership,4,True
2026-10-01,2026-10-10T14:00:00+00:00,2026-09-20T09:27:15+00:00,1556675,Scotland,179,Premiership,4,True
2026-10-01,2026-10-10T11:30:00+00:00,2026-09-20T09:29:18+00:00,1557417,England,39,Premier League,7,True
2026-10-01,2026-10-10T14:00:00+00:00,2026-09-20T09:29:18+00:00,1557418,England,39,Premier League,7,True
2026-10-01,2026-10-10T14:00:00+00:00,2026-09-20T09:29:18+00:00,1557419,England,39,Premier League,7,True
2026-10-01,2026-10-10T14:00:00+00:00,2026-09-20T09:29:17+00:00,1557423,England,39,Premier League,7,True
2026-10-01,2026-10-10T16:30:00+00:00,2026-09-20T09:29:18+00:00,1557425,England,39,Premier League,7,True
2026-10-01,2026-10-10T14:00:00+00:00,2026-09-20T09:29:18+00:00,1557426,England,39,Premier League,7,True
2026-10-01,2026-10-10T12:15:00+00:00,2026-09-17T16:42:13+00:00,1561405,Russia,235,Premier League,2,True
2026-10-01,2026-10-10T16:30:00+00:00,2026-09-17T16:42:13+00:00,1561407,Russia,235,Premier League,2,True
2026-10-01,2026-10-10T14:30:00+00:00,2026-09-17T16:42:13+00:00,1561408,Russia,235,Premier League,2,True
2026-10-01,2026-10-10T10:00:00+00:00,2026-09-17T16:42:13+00:00,1561409,Russia,235,Premier League,2,True
2026-10-01,2026-10-10T17:30:00+00:00,2026-09-20T09:43:14+00:00,1561937,Austria,218,Bundesliga,5,True
2026-10-01,2026-10-10T15:00:00+00:00,2026-09-20T09:43:14+00:00,1561938,Austria,218,Bundesliga,4,True
2026-10-01,2026-10-10T15:00:00+00:00,2026-09-20T09:43:14+00:00,1561941,Austria,218,Bundesliga,5,True
2026-10-01,2026-10-10T14:00:00+00:00,2026-09-20T13:38:14+00:00,1563179,England,40,Championship,6,True
2026-10-01,2026-10-10T14:00:00+00:00,2026-09-20T13:38:14+00:00,1563180,England,40,Championship,6,True
2026-10-01,2026-10-10T11:30:00+00:00,2026-09-20T13:38:14+00:00,1563181,England,40,Championship,6,True
2026-10-01,2026-10-10T14:00:00+00:00,2026-09-20T13:38:14+00:00,1563182,England,40,Championship,6,True
2026-10-01,2026-10-10T14:00:00+00:00,2026-09-20T13:38:14+00:00,1563183,England,40,Championship,6,True
2026-10-01,2026-10-10T14:00:00+00:00,2026-09-20T13:38:14+00:00,1563184,England,40,Championship,6,True
2026-10-01,2026-10-10T14:00:00+00:00,2026-09-20T13:38:14+00:00,1563185,England,40,Championship,6,True
2026-10-01,2026-10-10T11:30:00+00:00,2026-09-20T13:38:14+00:00,1563187,England,40,Championship,6,True
2026-10-01,2026-10-10T14:00:00+00:00,2026-09-20T13:38:14+00:00,1563188,England,40,Championship,6,True
2026-10-01,2026-10-10T11:30:00+00:00,2026-09-20T13:38:14+00:00,1563189,England,40,Championship,6,True
2026-10-01,2026-10-10T14:00:00+00:00,2026-10-01T03:42:15+00:00,1564343,England,41,League One,6,True
2026-10-01,2026-10-10T14:00:00+00:00,2026-10-01T03:42:15+00:00,1564344,England,41,League One,6,True
2026-10-01,2026-10-10T14:00:00+00:00,2026-10-01T03:42:15+00:00,1564345,England,41,League One,6,True
2026-10-01,2026-10-10T14:00:00+00:00,2026-10-01T03:42:15+00:00,1564346,England,41,League One,6,True
2026-10-01,2026-10-10T14:00:00+00:00,2026-10-01T03:42:15+00:00,1564347,England,41,League One,6,True
2026-10-01,2026-10-10T14:00:00+00:00,2026-10-01T03:42:15+00:00,1564348,England,41,League One,6,True
2026-10-01,2026-10-10T14:00:00+00:00,2026-10-01T03:42:15+00:00,1564349,England,41,League One,6,True
2026-10-01,2026-10-10T11:30:00+00:00,2026-10-01T03:42:15+00:00,1564350,England,41,League One,5,True
2026-10-01,2026-10-10T11:30:00+00:00,2026-10-01T03:42:15+00:00,1564351,England,41,League One,5,True
2026-10-01,2026-10-10T14:00:00+00:00,2026-10-01T03:42:15+00:00,1564352,England,41,League One,6,True
2026-10-01,2026-10-10T14:00:00+00:00,2026-10-01T03:42:15+00:00,1564353,England,41,League One,6,True
2026-10-01,2026-10-10T17:00:00+00:00,2026-09-21T16:21:14+00:00,1565263,Romania,283,Liga I,3,True
2026-10-01,2026-10-10T17:00:00+00:00,2026-09-21T16:21:14+00:00,1565264,Romania,283,Liga I,2,True
2026-10-01,2026-10-10T17:00:00+00:00,2026-09-21T16:21:14+00:00,1565265,Romania,283,Liga I,2,True
2026-10-01,2026-10-10T17:00:00+00:00,2026-09-21T16:21:14+00:00,1565266,Romania,283,Liga I,1,True
2026-10-01,2026-10-10T17:00:00+00:00,2026-09-21T16:21:14+00:00,1565267,Romania,283,Liga I,1,True
2026-10-01,2026-10-10T17:00:00+00:00,2026-09-21T16:21:14+00:00,1565268,Romania,283,Liga I,1,True
2026-10-01,2026-10-10T17:00:00+00:00,2026-09-21T16:21:14+00:00,1565270,Romania,283,Liga I,1,True
2026-10-01,2026-10-10T15:00:00+00:00,2026-10-01T03:46:14+00:00,1565489,Ukraine,333,Premier League,2,True
2026-10-01,2026-10-10T15:00:00+00:00,2026-10-01T03:46:14+00:00,1565490,Ukraine,333,Premier League,1,True
2026-10-01,2026-10-10T15:00:00+00:00,2026-10-01T03:46:14+00:00,1565491,Ukraine,333,Premier League,2,True
2026-10-01,2026-10-10T15:00:00+00:00,2026-10-01T03:46:14+00:00,1565492,Ukraine,333,Premier League,2,True
2026-10-01,2026-10-10T15:00:00+00:00,2026-10-01T03:46:14+00:00,1565493,Ukraine,333,Premier League,1,True
2026-10-01,2026-10-10T15:00:00+00:00,2026-10-01T03:46:14+00:00,1565494,Ukraine,333,Premier League,2,True
2026-10-01,2026-10-10T15:00:00+00:00,2026-10-01T03:46:14+00:00,1565495,Ukraine,333,Premier League,2,True
2026-10-01,2026-10-10T14:15:00+00:00,2026-09-20T17:04:18+00:00,1570403,Spain,140,La Liga,5,True
2026-10-01,2026-10-10T16:30:00+00:00,2026-09-20T17:04:18+00:00,1570404,Spain,140,La Liga,6,True
2026-10-01,2026-10-10T12:00:00+00:00,2026-09-20T17:04:18+00:00,1570410,Spain,140,La Liga,5,True
2026-10-01,2026-10-10T19:00:00+00:00,2026-09-20T17:04:18+00:00,1570411,Spain,140,La Liga,6,True
2026-10-01,2026-10-10T16:30:00+00:00,2026-09-20T17:09:14+00:00,1575177,Germany,78,Bundesliga,6,True
2026-10-01,2026-10-10T13:30:00+00:00,2026-09-20T17:09:14+00:00,1575178,Germany,78,Bundesliga,6,True
2026-10-01,2026-10-10T13:30:00+00:00,2026-09-20T17:09:14+00:00,1575180,Germany,78,Bundesliga,6,True
2026-10-01,2026-10-10T13:30:00+00:00,2026-09-20T17:09:14+00:00,1575181,Germany,78,Bundesliga,6,True
2026-10-01,2026-10-10T13:30:00+00:00,2026-09-20T17:09:14+00:00,1575182,Germany,78,Bundesliga,6,True
2026-10-01,2026-10-10T13:30:00+00:00,2026-09-20T17:09:14+00:00,1575184,Germany,78,Bundesliga,6,True
2026-10-01,2026-10-10T12:00:00+00:00,2026-09-25T17:37:15+00:00,1584014,Germany,80,3. Liga,3,True
2026-10-01,2026-10-10T12:00:00+00:00,2026-09-25T17:37:15+00:00,1584015,Germany,80,3. Liga,3,True
2026-10-01,2026-10-10T12:00:00+00:00,2026-09-25T17:37:15+00:00,1584016,Germany,80,3. Liga,3,True
2026-10-01,2026-10-10T12:00:00+00:00,2026-09-25T17:37:15+00:00,1584017,Germany,80,3. Liga,3,True
2026-10-01,2026-10-10T12:00:00+00:00,2026-09-25T17:37:15+00:00,1584018,Germany,80,3. Liga,3,True
2026-10-01,2026-10-10T12:00:00+00:00,2026-09-25T17:37:15+00:00,1584019,Germany,80,3. Liga,1,True
2026-10-01,2026-10-10T12:00:00+00:00,2026-09-25T17:37:15+00:00,1584020,Germany,80,3. Liga,3,True
2026-10-01,2026-10-10T12:00:00+00:00,2026-09-25T17:37:15+00:00,1584021,Germany,80,3. Liga,3,True
2026-10-01,2026-10-10T12:00:00+00:00,2026-09-25T17:37:15+00:00,1584022,Germany,80,3. Liga,3,True
2026-10-01,2026-10-10T12:00:00+00:00,2026-09-25T17:37:15+00:00,1584023,Germany,80,3. Liga,3,True
2026-10-01,2026-10-10T15:00:00+00:00,2026-09-20T17:25:37+00:00,1593324,Greece,197,Super League 1,4,True
2026-10-01,2026-10-10T15:00:00+00:00,2026-09-20T17:25:37+00:00,1593325,Greece,197,Super League 1,4,True
2026-10-01,2026-10-10T15:00:00+00:00,2026-09-20T17:25:37+00:00,1593326,Greece,197,Super League 1,4,True
2026-10-01,2026-10-10T15:00:00+00:00,2026-09-20T17:25:37+00:00,1593327,Greece,197,Super League 1,4,True
2026-10-01,2026-10-10T15:00:00+00:00,2026-09-20T17:25:37+00:00,1593328,Greece,197,Super League 1,3,True
2026-10-01,2026-10-10T15:00:00+00:00,2026-09-20T17:25:37+00:00,1593329,Greece,197,Super League 1,4,True
2026-10-01,2026-10-10T15:00:00+00:00,2026-09-19T07:17:15+00:00,1593330,Greece,197,Super League 1,5,True
2026-10-01,2026-10-10T14:00:00+00:00,2026-10-01T02:13:14+00:00,1638087,Finland,244,Veikkausliiga,7,True
2026-10-01,2026-10-10T16:00:00+00:00,2026-10-01T02:13:14+00:00,1638088,Finland,244,Veikkausliiga,7,True
2026-10-01,2026-10-11T00:30:00+00:00,2026-10-01T08:02:15+00:00,1490520,USA,253,Major League Soccer,7,True
2026-10-01,2026-10-11T00:30:00+00:00,2026-10-01T08:02:15+00:00,1490521,USA,253,Major League Soccer,7,True
2026-10-01,2026-10-11T00:30:00+00:00,2026-10-01T08:02:15+00:00,1490522,USA,253,Major League Soccer,7,True
2026-10-01,2026-10-11T01:30:00+00:00,2026-10-01T08:02:15+00:00,1490523,USA,253,Major League Soccer,7,True
2026-10-01,2026-10-11T02:30:00+00:00,2026-10-01T08:02:15+00:00,1490524,USA,253,Major League Soccer,7,True
2026-10-01,2026-10-11T23:00:00+00:00,2026-10-01T08:02:15+00:00,1490525,USA,253,Major League Soccer,7,True
2026-10-01,2026-10-11T20:00:00+00:00,2026-09-30T02:05:18+00:00,1493168,Argentina,128,Liga Profesional Argentina,6,True
2026-10-01,2026-10-11T20:00:00+00:00,2026-09-30T02:05:18+00:00,1493169,Argentina,128,Liga Profesional Argentina,6,True
2026-10-01,2026-10-11T20:00:00+00:00,2026-09-30T02:05:18+00:00,1493170,Argentina,128,Liga Profesional Argentina,6,True
2026-10-01,2026-10-11T20:00:00+00:00,2026-09-30T02:05:18+00:00,1493172,Argentina,128,Liga Profesional Argentina,6,True
2026-10-01,2026-10-11T20:00:00+00:00,2026-09-28T02:05:15+00:00,1493173,Argentina,128,Liga Profesional Argentina,6,True
2026-10-01,2026-10-11T20:00:00+00:00,2026-09-28T02:05:15+00:00,1493174,Argentina,128,Liga Profesional Argentina,6,True
2026-10-01,2026-10-11T20:00:00+00:00,2026-09-28T02:05:15+00:00,1493178,Argentina,128,Liga Profesional Argentina,6,True
2026-10-01,2026-10-11T20:00:00+00:00,2026-09-30T02:05:18+00:00,1493181,Argentina,128,Liga Profesional Argentina,6,True
2026-10-01,2026-10-11T18:00:00+00:00,2026-10-01T02:27:13+00:00,1505532,Chile,265,Primera División,7,True
2026-10-01,2026-10-11T20:30:00+00:00,2026-10-01T02:27:13+00:00,1505533,Chile,265,Primera División,7,True
2026-10-01,2026-10-11T15:30:00+00:00,2026-10-01T02:27:13+00:00,1505534,Chile,265,Primera División,7,True
2026-10-01,2026-10-11T23:00:00+00:00,2026-10-01T02:27:13+00:00,1505536,Chile,265,Primera División,6,True
2026-10-01,2026-10-11T18:00:00+00:00,2026-09-30T16:09:13+00:00,1549501,Peru,281,Primera División,5,True
2026-10-01,2026-10-11T23:30:00+00:00,2026-09-30T16:09:13+00:00,1549503,Peru,281,Primera División,5,True
2026-10-01,2026-10-11T20:30:00+00:00,2026-09-30T16:09:13+00:00,1549507,Peru,281,Primera División,5,True
2026-10-01,2026-10-11T00:00:00+00:00,2026-09-30T16:09:13+00:00,1549508,Peru,281,Primera División,6,True
2026-10-01,2026-10-11T18:45:00+00:00,2026-09-20T16:38:15+00:00,1550138,Italy,135,Serie A,5,True
2026-10-01,2026-10-11T10:30:00+00:00,2026-09-20T16:38:15+00:00,1550139,Italy,135,Serie A,5,True
2026-10-01,2026-10-11T13:00:00+00:00,2026-09-20T16:38:15+00:00,1550142,Italy,135,Serie A,5,True
2026-10-01,2026-10-11T13:00:00+00:00,2026-09-20T16:38:15+00:00,1550143,Italy,135,Serie A,5,True
2026-10-01,2026-10-11T16:00:00+00:00,2026-09-20T16:38:15+00:00,1550145,Italy,135,Serie A,5,True
2026-10-01,2026-10-11T10:15:00+00:00,2026-09-20T13:11:18+00:00,1552185,Netherlands,88,Eredivisie,4,True
2026-10-01,2026-10-11T12:30:00+00:00,2026-09-20T13:11:18+00:00,1552186,Netherlands,88,Eredivisie,4,True
2026-10-01,2026-10-11T12:30:00+00:00,2026-09-20T13:11:18+00:00,1552187,Netherlands,88,Eredivisie,4,True
2026-10-01,2026-10-11T14:45:00+00:00,2026-09-20T13:11:18+00:00,1552188,Netherlands,88,Eredivisie,4,True
2026-10-01,2026-10-11T13:00:00+00:00,2026-09-20T16:44:17+00:00,1552779,France,61,Ligue 1,6,True
2026-10-01,2026-10-11T15:15:00+00:00,2026-09-20T16:44:17+00:00,1552781,France,61,Ligue 1,6,True
2026-10-01,2026-10-11T18:45:00+00:00,2026-09-20T16:44:17+00:00,1552782,France,61,Ligue 1,6,True
2026-10-01,2026-10-11T13:00:00+00:00,2026-09-19T05:50:19+00:00,1556670,Scotland,179,Premiership,4,True
2026-10-01,2026-10-11T11:00:00+00:00,2026-09-20T09:27:15+00:00,1556674,Scotland,179,Premiership,3,True
2026-10-01,2026-10-11T13:00:00+00:00,2026-09-20T09:29:18+00:00,1557421,England,39,Premier League,7,True
2026-10-01,2026-10-11T13:00:00+00:00,2026-09-20T09:29:18+00:00,1557422,England,39,Premier League,7,True
2026-10-01,2026-10-11T15:30:00+00:00,2026-09-20T09:29:18+00:00,1557424,England,39,Premier League,7,True
2026-10-01,2026-10-11T11:00:00+00:00,2026-09-17T16:42:13+00:00,1561403,Russia,235,Premier League,2,True
2026-10-01,2026-10-11T13:30:00+00:00,2026-09-17T16:42:13+00:00,1561404,Russia,235,Premier League,2,True
2026-10-01,2026-10-11T16:30:00+00:00,2026-09-17T16:42:13+00:00,1561410,Russia,235,Premier League,2,True
2026-10-01,2026-10-11T12:30:00+00:00,2026-09-20T09:43:14+00:00,1561936,Austria,218,Bundesliga,5,True
2026-10-01,2026-10-11T12:30:00+00:00,2026-09-20T09:43:14+00:00,1561939,Austria,218,Bundesliga,5,True
2026-10-01,2026-10-11T15:00:00+00:00,2026-09-20T09:43:14+00:00,1561940,Austria,218,Bundesliga,5,True
2026-10-01,2026-10-11T11:00:00+00:00,2026-09-20T13:38:14+00:00,1563186,England,40,Championship,6,True
2026-10-01,2026-10-11T16:30:00+00:00,2026-09-20T17:04:18+00:00,1570405,Spain,140,La Liga,6,True
2026-10-01,2026-10-11T12:00:00+00:00,2026-09-20T17:04:18+00:00,1570406,Spain,140,La Liga,6,True
2026-10-01,2026-10-11T19:00:00+00:00,2026-09-20T17:04:18+00:00,1570409,Spain,140,La Liga,6,True
2026-10-01,2026-10-11T14:15:00+00:00,2026-09-20T17:04:18+00:00,1570412,Spain,140,La Liga,6,True
2026-10-01,2026-10-11T15:30:00+00:00,2026-09-20T17:09:14+00:00,1575179,Germany,78,Bundesliga,6,True
2026-10-01,2026-10-11T13:30:00+00:00,2026-09-20T17:09:14+00:00,1575183,Germany,78,Bundesliga,6,True
2026-10-01,2026-10-11T20:00:00+00:00,2026-09-22T00:07:16+00:00,1639791,Ecuador,242,Liga Pro,4,True
2026-10-01,2026-10-11T20:00:00+00:00,2026-09-22T00:07:16+00:00,1639792,Ecuador,242,Liga Pro,4,True
2026-10-01,2026-10-11T20:00:00+00:00,2026-09-22T00:07:16+00:00,1639793,Ecuador,242,Liga Pro,4,True
2026-10-01,2026-10-11T20:00:00+00:00,2026-09-22T00:07:16+00:00,1639821,Ecuador,242,Liga Pro,4,True
2026-10-01,2026-10-11T20:00:00+00:00,2026-09-22T00:07:16+00:00,1639850,Ecuador,242,Liga Pro,4,True
2026-10-01,2026-10-11T20:00:00+00:00,2026-09-22T00:07:16+00:00,1639851,Ecuador,242,Liga Pro,4,True
2026-10-01,2026-10-12T19:00:00+00:00,2026-10-01T02:08:15+00:00,1492764,Ireland,357,Premier Division,4,True
2026-10-01,2026-10-12T16:30:00+00:00,2026-09-20T16:38:15+00:00,1550137,Italy,135,Serie A,5,True
2026-10-01,2026-10-12T18:45:00+00:00,2026-09-20T16:38:15+00:00,1550146,Italy,135,Serie A,5,True
2026-10-01,2026-10-12T19:00:00+00:00,2026-09-20T09:29:17+00:00,1557420,England,39,Premier League,7,True
2026-10-01,2026-10-12T19:00:00+00:00,2026-09-20T17:04:18+00:00,1570407,Spain,140,La Liga,5,True
2026-10-01,2026-10-13T15:30:00+00:00,2026-09-10T17:01:16+00:00,1563664,Russia,237,Cup,2,True
2026-10-01,2026-10-13T17:45:00+00:00,2026-09-10T17:01:16+00:00,1563662,Russia,237,Cup,2,True
2026-10-01,2026-10-13T18:45:00+00:00,2026-10-01T03:26:13+00:00,1556869,Scotland,180,Championship,4,True
2026-10-01,2026-10-13T22:00:00+00:00,2026-09-18T00:05:22+00:00,1640020,World,13,CONMEBOL Libertadores,3,True
2026-10-01,2026-10-14T13:15:00+00:00,2026-09-10T17:01:16+00:00,1563663,Russia,237,Cup,2,True
2026-10-01,2026-10-14T15:30:00+00:00,2026-09-10T17:01:16+00:00,1563661,Russia,237,Cup,2,True
2026-10-01,2026-10-14T15:30:00+00:00,2026-09-10T17:01:16+00:00,1563659,Russia,237,Cup,2,True
2026-10-01,2026-10-14T17:45:00+00:00,2026-09-10T17:01:16+00:00,1563660,Russia,237,Cup,2,True
2026-10-01,2026-10-15T15:30:00+00:00,2026-09-10T17:01:16+00:00,1563666,Russia,237,Cup,2,True
2026-10-01,2026-10-15T17:45:00+00:00,2026-09-10T17:01:16+00:00,1563665,Russia,237,Cup,2,True
2026-10-01,2026-10-16T18:30:00+00:00,2026-09-20T17:09:14+00:00,1575187,Germany,78,Bundesliga,3,True
2026-10-01,2026-10-17T14:00:00+00:00,2026-09-20T09:27:15+00:00,1556676,Scotland,179,Premiership,4,True
2026-10-01,2026-10-17T19:00:00+00:00,2026-09-20T09:27:15+00:00,1556678,Scotland,179,Premiership,4,True
2026-10-01,2026-10-17T14:00:00+00:00,2026-09-20T09:27:15+00:00,1556679,Scotland,179,Premiership,4,True
2026-10-01,2026-10-17T14:00:00+00:00,2026-09-20T09:27:15+00:00,1556680,Scotland,179,Premiership,4,True
2026-10-01,2026-10-17T14:00:00+00:00,2026-09-20T09:27:15+00:00,1556681,Scotland,179,Premiership,4,True
2026-10-01,2026-10-17T14:00:00+00:00,2026-09-20T09:29:18+00:00,1557428,England,39,Premier League,4,True
2026-10-01,2026-10-17T11:30:00+00:00,2026-09-20T09:29:18+00:00,1557430,England,39,Premier League,5,True
2026-10-01,2026-10-17T14:00:00+00:00,2026-09-20T09:29:18+00:00,1557431,England,39,Premier League,5,True
2026-10-01,2026-10-17T14:00:00+00:00,2026-09-20T09:29:18+00:00,1557433,England,39,Premier League,5,True
2026-10-01,2026-10-17T16:30:00+00:00,2026-09-20T09:29:18+00:00,1557434,England,39,Premier League,5,True
2026-10-01,2026-10-17T16:30:00+00:00,2026-09-20T17:09:14+00:00,1575185,Germany,78,Bundesliga,3,True
2026-10-01,2026-10-17T13:30:00+00:00,2026-09-20T17:09:14+00:00,1575188,Germany,78,Bundesliga,3,True
2026-10-01,2026-10-17T13:30:00+00:00,2026-09-20T17:09:14+00:00,1575190,Germany,78,Bundesliga,3,True
2026-10-01,2026-10-17T13:30:00+00:00,2026-09-20T17:09:14+00:00,1575191,Germany,78,Bundesliga,3,True
2026-10-01,2026-10-17T13:30:00+00:00,2026-09-20T17:09:14+00:00,1575192,Germany,78,Bundesliga,3,True
2026-10-01,2026-10-17T13:30:00+00:00,2026-09-20T17:09:14+00:00,1575193,Germany,78,Bundesliga,3,True
2026-10-01,2026-10-17T15:00:00+00:00,2026-09-20T17:25:37+00:00,1593331,Greece,197,Super League 1,5,True
2026-10-01,2026-10-17T15:00:00+00:00,2026-09-20T17:25:37+00:00,1593332,Greece,197,Super League 1,5,True
2026-10-01,2026-10-17T15:00:00+00:00,2026-09-20T17:25:37+00:00,1593333,Greece,197,Super League 1,5,True
2026-10-01,2026-10-17T15:00:00+00:00,2026-09-20T17:25:37+00:00,1593334,Greece,197,Super League 1,5,True
2026-10-01,2026-10-17T15:00:00+00:00,2026-09-20T17:25:37+00:00,1593335,Greece,197,Super League 1,5,True
2026-10-01,2026-10-17T15:00:00+00:00,2026-09-20T17:25:37+00:00,1593336,Greece,197,Super League 1,4,True
2026-10-01,2026-10-18T13:00:00+00:00,2026-09-20T09:29:18+00:00,1557427,England,39,Premier League,5,True
2026-10-01,2026-10-18T13:30:00+00:00,2026-09-20T17:09:14+00:00,1575186,Germany,78,Bundesliga,3,True
2026-10-01,2026-10-18T14:00:00+00:00,2026-09-20T09:27:15+00:00,1556677,Scotland,179,Premiership,4,True
