team,alias,opta_rating,opta_scrape_alias
Arsenal,,100.0,
Manchester City,,98.8,Man City
Manchester United,,94.1,Man Utd
Aston Villa,,93.7,Villa
Liverpool,,96.0,
Bournemouth,,92.0,
Brighton & Hove Albion,Brighton,94.7,
Newcastle United,Newcastle,92.9,
Brentford,,93.0,
Nottingham Forest,,91.1,Forest
Chelsea,,93.5,
Crystal Palace,,90.6,Palace
Fulham,,90.0,
Leeds United,Leeds,92.1,
Everton,,92.8,
Tottenham Hotspur,Tottenham,91.3,Spurs
Coventry City,Coventry,89.1,
Ipswich Town,Ipswich,89.8,
Sunderland,,90.8,
Hull City,,89.9,Hull
