team,adjustment
Germany,51.6
Greece,-51.6
Republic of Ireland,-41.5
Israel,41.5
Georgia,40.9
Northern Ireland,-40.9
Ukraine,-38.7
Hungary,38.7
Bosnia and Herzegovina,-33.2
Poland,33.2
Wales,-23.1
Denmark,23.1
Azerbaijan,-22.6
Lithuania,22.6
Austria,20.5
Kosovo,-20.5
Sweden,19.8
Romania,-19.8
Kazakhstan,-17.6
Faroe Islands,17.6
Serbia,-16.8
Netherlands,16.8
Norway,16.2
Portugal,-16.2
Malta,-11.6
Andorra,11.6
Italy,10.8
Türkiye,-10.8
Slovenia,-10.7
Scotland,10.7
Czechia,10.1
England,-10.1
Spain,9.5
Croatia,-9.5
Montenegro,-8.7
Armenia,8.7
North Macedonia,6.7
Switzerland,-6.7
Latvia,-6.6
Cyprus,6.6
Moldova,-5.7
Slovakia,5.7
France,1.4
Belgium,-1.4
