team,alias,opta_rating
France,,2088.0
Italy,,1897.0
Belgium,,1972.0
Türkiye,,1781.0
Germany,,1895.0
Netherlands,,1974.0
Serbia,,1683.0
Greece,,1804.0
Spain,,2282.0
Croatia,,1861.0
England,,2144.0
Czechia,,1658.0
Portugal,,2055.0
Denmark,,1861.0
Norway,,1900.0
Wales,,1681.0
Scotland,,1746.0
Switzerland,,1972.0
Slovenia,,1690.0
North Macedonia,,1536.0
Hungary,,1702.0
Ukraine,,1747.0
Georgia,,1619.0
Northern Ireland,,1681.0
Israel,,1619.0
Austria,,1841.0
Republic of Ireland,,1711.0
Kosovo,,1710.0
Poland,,1702.0
Bosnia and Herzegovina,,1655.0
Romania,,1569.0
Sweden,,1759.0
Albania,,1612.0
Belarus,,1515.0
San Marino,,820.0
Finland,,1552.0
Montenegro,,1503.0
Cyprus,,1336.0
Latvia,,1256.0
Armenia,,1341.0
Faroe Islands,,1392.0
Kazakhstan,,1393.0
Moldova,,1301.0
Slovakia,,1665.0
Iceland,,1603.0
Estonia,,1400.0
Luxembourg,,1422.0
Bulgaria,,1411.0
Gibraltar,,1022.0
Malta,,1263.0
Andorra,,1056.0
Azerbaijan,,1326.0
Lithuania,,1278.0
Liechtenstein,,901.0
